16309;# doc = multiki_i_gorki.2.txt;;;;;;;;;;;;;;;;
16310;# speaker = А;;;;;;;;;;;;;;;;
16311;# sent = 1191;;;;;;;;;;;;;;;;
16312;"<distinct form=""";;;;;;;;;;;;;;;;
16313;<dist>;чё;;;;;;;;;;;;;;;
16314;""">";;;;;;;;;;;;;;;;
16315;;Что;ЧТО;SPRO n inan nom sg;;; чё  _Что_  какая твоя;о;т;ч;;;;SPRO;ЧТО;S n - acc sg;О
16316;</distinct>;;;;;;;;;;;;;;;;
16317;;какая;КАКОЙ;APRO - nom sg plen f -;;; Что  _какая_ твоя любимая Феечка;я;а;к;а;к;;APRO;КАКОЙ;A - nom sg plen f -;Й
16318;;твоя;ТВОЙ;APRO - nom sg plen f -;;;Что  какая _твоя_ любимая Феечка Винкс;я;о;в;т;;;APRO;ТВОЙ;A - nom sg plen f -;Й
16319;;любимая;ЛЮБИМЫЙ;A - nom sg plen f -;;; какая твоя _любимая_ Феечка Винкс была;я;а;м;и;б;ю;A;ЛЮБИМЫЙ;A - nom sg plen f -;Й
16320;;Феечка;ФЕЕЧКА;S f anim nom sg;;;какая твоя любимая _Феечка_ Винкс была ?;а;к;ч;е;е;ф;S;ФЕЕЧКА;S f anim nom sg;А
16321;;Винкс;ВИНКС;S f inan nom sg;new;;твоя любимая Феечка _Винкс_ была ? ;с;к;н;и;в;;S;ВИНКС;S f inan nonflex -;С
16322;;была;БЫТЬ;V ipf praet sg indic f -;;;любимая Феечка Винкс _была_ ?  ;а;л;ы;б;;;V;БЫТЬ;V ipf praet sg indic f -;Ь
16323;;?;?;PUNCT;;;;;;;;;;PUNCT;;;
16324;;;;;;;;;;;;;;;;;
16325;# sent = 1192;;;;;;;;;;;;;;;;
16326;# speaker = М;;;;;;;;;;;;;;;;
16327;# sent = 1193;;;;;;;;;;;;;;;;
16328;;Я;Я;SPRO sg 1p - nom;;;   _Я_ думаю , что;я;;;;;;SPRO;Я;SPRO sg 1p - nom;Я
16329;;думаю;ДУМАТЬ;V ipf praes sg indic - 1p;;;  Я _думаю_ , что Флора;ю;а;м;у;д;;V;ДУМАТЬ;V ipf praes sg indic - 1p;Ь
16330;;,;,;PUNCT;;;;;;;;;;PUNCT;;;
16331;;что;ЧТО;CONJ;;;Я думаю , _что_ Флора . ;о;т;ч;;;;CONJ;ЧТО;CONJ;О
16332;;Флора;ФЛОРА;S f anim nom sg persn;;;думаю , что _Флора_ .  ;а;р;о;л;ф;;S;ФЛОРА;S f inan nom sg;А
16333;;.;.;PUNCT;;;;;;;;;;PUNCT;;;
16334;;;;;;;;;;;;;;;;;
16335;# sent = 1194;;;;;;;;;;;;;;;;
16336;# speaker = А;;;;;;;;;;;;;;;;
16337;# sent = 1195;;;;;;;;;;;;;;;;
16338;;Серьёзно;СЕРЬЕЗНО;A - - sg brev n -;;;   _Серьёзно_ ?  ;о;н;з;ё;ь;р;ADV;СЕРЬЕЗНО;ADV -;О
16339;;?;?;PUNCT;;;;;;;;;;PUNCT;;;
16340;;;;;;;;;;;;;;;;;
16341;# sent = 1196;;;;;;;;;;;;;;;;
16342;# speaker = М;;;;;;;;;;;;;;;;
16343;# sent = 1197;;;;;;;;;;;;;;;;
16344;;Да;ДА;PART;;;   _Да_ , ну типо;а;д;;;;;PART;ДА;PART;А
16345;;,;,;PUNCT;;;;;;;;;;PUNCT;;;
16346;;ну;НУ;PART;;; Да , _ну_ типо у меня;у;н;;;;;PART;НУ;PART;У
16347;;типо;ТИПО;PART;;;Да , ну _типо_ у меня тоже;о;п;и;т;;;PART;ТИПО;PART;О
16348;;у;У;PR;;;, ну типо _у_ меня тоже зеленые;у;;;;;;PR;У;PR;У
16349;;меня;Я;SPRO sg 1p - gen;;;ну типо у _меня_ тоже зеленые глаза;я;н;е;м;;;SPRO;Я;SPRO sg 1p - acc;Я
16350;;тоже;ТОЖЕ;PART;;;типо у меня _тоже_ зеленые глаза иии;е;ж;о;т;;;PART;ТОЖЕ;PART;Е
16351;;зеленые;ЗЕЛЕНЫЙ;A - nom pl plen - inan;;;у меня тоже _зеленые_ глаза иии вот;е;ы;н;е;л;е;A;ЗЕЛЕНЫЙ;A - acc pl plen - inan;Й
16352;;глаза;ГЛАЗ;S m inan nom pl;;;меня тоже зеленые _глаза_ иии вот ,;а;з;а;л;г;;S;ГЛАЗ;S m inan acc pl;З
16353;;иии;И;CONJ;distort;;тоже зеленые глаза _иии_ вот , все;и;и;и;;;;CONJ;И;CONJ distort;И
16354;;вот;ВОТ;PART;;;зеленые глаза иии _вот_ , все .;т;о;в;;;;PART;ВОТ;PART;Т
16355;;,;,;PUNCT;;;;;;;;;;PUNCT;;;
16356;;всё;ВСЁ;INTJ;;;иии вот , _всё_ .  ;ё;с;в;;;;INTJ;ВСЕ;S - - acc pl;Ё
16357;;.;.;PUNCT;;;;;;;;;;PUNCT;;;
16358;;;;;;;;;;;;;;;;;
16359;# sent = 1198;;;;;;;;;;;;;;;;
16360;# speaker = М;;;;;;;;;;;;;;;;
16361;# sent = 1199;;;;;;;;;;;;;;;;
16362;;Ну;НУ;PART;;;   _Ну_ и типо она;у;н;;;;;PART;НУ;PART;У
16363;;и;И;CONJ;;;  Ну _и_ типо она в;и;;;;;;CONJ;И;CONJ;И
16364;;типо;ТИПО;PART;;; Ну и _типо_ она в розовом;о;п;и;т;;;PART;ТИПО;PART;О
16365;;она;ОНА;SPRO sg 3p f nom;;;Ну и типо _она_ в розовом ,;а;н;о;;;;SPRO;ОНА;SPRO sg 3p f nom;А
16366;;в;В;PR;;;и типо она _в_ розовом , а;в;;;;;;PR;В;PR;В
16367;;розовом;РОЗОВЫЙ;A - loc sg plen m -;;;типо она в _розовом_ , а я;м;о;в;о;з;о;A;РОЗОВЫЙ;A - loc sg plen m -;Й
16368;;,;,;PUNCT;;;;;;;;;;PUNCT;;;
16369;;а;А;CONJ;;;в розовом , _а_ я люблю розовый;а;;;;;;CONJ;А;CONJ;А
16370;;я;Я;SPRO sg 1p - nom;;;розовом , а _я_ люблю розовый .;я;;;;;;SPRO;Я;SPRO sg 1p - nom;Я
16371;;люблю;ЛЮБИТЬ;V ipf praes sg indic - 1p;;;, а я _люблю_ розовый . ;ю;л;б;ю;л;;V;ЛЮБИТЬ;V ipf praes sg indic - 1p;Ь
16372;;розовый;РОЗОВЫЙ;A - acc sg plen m -;;;а я люблю _розовый_ .  ;й;ы;в;о;з;о;A;РОЗОВЫЙ;A - nom sg plen m -;Й
16373;;.;.;PUNCT;;;;;;;;;;PUNCT;;;
16374;;;;;;;;;;;;;;;;;
16375;# sent = 1200;;;;;;;;;;;;;;;;
16376;;Цвет;ЦВЕТ;S m inan nom sg;;;.   _Цвет_ .  ;т;е;в;ц;;;S;ЦВЕТ;S m inan nom sg;Т
16377;;.;.;PUNCT;;;;;;;;;;PUNCT;;;
16378;;;;;;;;;;;;;;;;;
16379;# sent = 1201;;;;;;;;;;;;;;;;
16380;# speaker = А;;;;;;;;;;;;;;;;
16381;# sent = 1202;;;;;;;;;;;;;;;;
16382;;Угу;УГУ;INTJ;;;   _Угу_ .  ;у;г;у;;;;INTJ;УГУ;INTJ;У
16383;;.;.;PUNCT;;;;;;;;;;PUNCT;;;
16384;;;;;;;;;;;;;;;;;
16385;# sent = 1203;;;;;;;;;;;;;;;;
16386;;Понятно;ПОНЯТНО;PRAEDIC;;;.   _Понятно_ .  ;о;н;т;я;н;о;ADV;ПОНЯТНО;ADV -;О
16387;;.;.;PUNCT;;;;;;;;;;PUNCT;;;
16388;;;;;;;;;;;;;;;;;
16389;# sent = 1204;;;;;;;;;;;;;;;;
16390;# speaker = М;;;;;;;;;;;;;;;;
16391;# sent = 1205;;;;;;;;;;;;;;;;
16392;;Вот;ВОТ;PART;;;   _Вот_ .  ;т;о;в;;;;PART;ВОТ;PART;Т
16393;;.;.;PUNCT;;;;;;;;;;PUNCT;;;
16394;;;;;;;;;;;;;;;;;
16395;# sent = 1206;;;;;;;;;;;;;;;;
16396;;Ну;НУ;PART;;;.   _Ну_ меня просто бесила;у;н;;;;;PART;НУ;PART;У
16397;;меня;Я;SPRO sg 1p - acc;;;  Ну _меня_ просто бесила Блум;я;н;е;м;;;SPRO;Я;SPRO sg 1p - acc;Я
16398;;просто;ПРОСТО;PART;;; Ну меня _просто_ бесила Блум ,;о;т;с;о;р;п;PART;ПРОСТО;PART;О
16399;;бесила;БЕСИТЬ;V ipf praet sg indic f -;;;Ну меня просто _бесила_ Блум , например;а;л;и;с;е;б;V;БЕСИТЬ;V ipf praet sg indic f -;Ь
16400;;Блум;БЛУМ;S m anim nom sg persn;;;меня просто бесила _Блум_ , например ,;м;у;л;б;;;S;БЛУМ;S m anim nom sg;М
16401;;,;,;PUNCT;;;;;;;;;;PUNCT;;;
16402;;например;НАПРИМЕР;ADV -;;;бесила Блум , _например_ , она какая-то;р;е;м;и;р;п;ADV;НАПРИМЕР;ADV -;Р
16403;;,;,;PUNCT;;;;;;;;;;PUNCT;;;
16404;;она;ОНА;SPRO sg 3p f nom;;;, например , _она_ какая-то  ваще;а;н;о;;;;SPRO;ОНА;SPRO sg 3p f nom;А
16405;;какая-то;КАКОЙ-ТО;APRO - nom sg plen f -;;;например , она _какая-то_  ваще ;о;т;-;я;а;к;APRO;КАКОЙ-ТО;A - nom sg plen f -;О
16406;"<distinct form=""";;;;;;;;;;;;;;;;
16407;<dist>;ваще;;;;;;;;;;;;;;;
16408;""">";;;;;;;;;;;;;;;;
16409;;вообще;ВООБЩЕ;ADV -;;; ваще  _вообще_  такая противная;е;щ;б;о;о;в;ADV;ВООБЩЕ;ADV -;Е
16410;</distinct>;;;;;;;;;;;;;;;;
16411;;такая;ТАКОЙ;APRO - nom sg plen f -;;; вообще  _такая_ противная иии вот;я;а;к;а;т;;APRO;ТАКОЙ;A - nom sg plen f -;Й
16412;;противная;ПРОТИВНЫЙ;A - nom sg plen f -;;;вообще  такая _противная_ иии вот .;я;а;н;в;и;т;A;ПРОТИВНЫЙ;A - nom sg plen f -;Й
16413;;иии;И;CONJ;distort;; такая противная _иии_ вот . ;и;и;и;;;;CONJ;ИИИ;S f anim nom sg;И
16414;;вот;ВОТ;PART;;;такая противная иии _вот_ .  ;т;о;в;;;;PART;ВОТ;PART;Т
16415;;.;.;PUNCT;;;;;;;;;;PUNCT;;;
16416;;;;;;;;;;;;;;;;;
16417;# sent = 1207;;;;;;;;;;;;;;;;
16418;# speaker = М;;;;;;;;;;;;;;;;
16419;# sent = 1208;;;;;;;;;;;;;;;;
16420;;Еще;ЕЩЕ;ADV -;;;   _Еще_ мне очень нравилось;е;щ;е;;;;ADV;ЕЩЕ;ADV -;Е
16421;;мне;Я;SPRO sg 1p - dat;;;  Еще _мне_ очень нравилось смотреть;е;н;м;;;;SPRO;Я;SPRO sg 1p - dat;Я
16422;;очень;ОЧЕНЬ;ADV -;;; Еще мне _очень_ нравилось смотреть эээ;ь;н;е;ч;о;;ADV;ОЧЕНЬ;ADV -;Ь
16423;;нравилось;НРАВИТЬСЯ;V ipf praet sg indic n -;;;Еще мне очень _нравилось_ смотреть эээ ...;ь;с;о;л;и;в;V;НРАВИТЬСЯ;V ipf praet sg indic n -;Я
16424;;смотреть;СМОТРЕТЬ;V ipf - - inf - -;;;мне очень нравилось _смотреть_ эээ ... ;ь;т;е;р;т;о;V;СМОТРЕТЬ;V ipf - - inf - -;Ь
16425;;эээ;ЭЭЭ;NONLEX;;;очень нравилось смотреть _эээ_ ...  ;э;э;э;;;;NONLEX;ЭЭЭ;NONLEX;Э
16426;;...;...;PUNCT;;;;;;;;;;PUNCT;;;
16427;;;;;;;;;;;;;;;;;
16428;# sent = 1209;;;;;;;;;;;;;;;;
16429;;Витч;ВИТЧ;S m inan acc sg abbr;new;;...   _Витч_ .  ;ч;т;и;в;;;S;ВИТЧ;S m inan gen sg;Ч
16430;;.;.;PUNCT;;;;;;;;;;PUNCT;;;
16431;;;;;;;;;;;;;;;;;
16432;# sent = 1210;;;;;;;;;;;;;;;;
16433;;Вот;ВОТ;PART;;;.   _Вот_ , очень классный;т;о;в;;;;PART;ВОТ;PART;Т
16434;;,;,;PUNCT;;;;;;;;;;PUNCT;;;
16435;;очень;ОЧЕНЬ;ADV -;;; Вот , _очень_ классный мультик .;ь;н;е;ч;о;;ADV;ОЧЕНЬ;ADV -;Ь
16436;;классный;КЛАССНЫЙ;A - nom sg plen m -;;;Вот , очень _классный_ мультик . ;й;ы;н;с;с;а;A;КЛАССНЫЙ;A - nom sg plen m -;Й
16437;;мультик;МУЛЬТИК;S m inan nom sg;;;, очень классный _мультик_ .  ;к;и;т;ь;л;у;S;МУЛЬТИК;S m inan nom sg;К
16438;;.;.;PUNCT;;;;;;;;;;PUNCT;;;
16439;;;;;;;;;;;;;;;;;
16440;# sent = 1211;;;;;;;;;;;;;;;;
16441;# speaker = М;;;;;;;;;;;;;;;;
16442;# sent = 1212;;;;;;;;;;;;;;;;
16443;"<distinct form=""";;;;;;;;;;;;;;;;
16444;<dist>;Чё;;;;;;;;;;;;;;;
16445;""">";;;;;;;;;;;;;;;;
16446;;Что;ЧТО;SPRO n inan acc sg;;; Чё  _Что_  еще я;о;т;ч;;;;SPRO;ЧТО;S n - acc sg;О
16447;</distinct>;;;;;;;;;;;;;;;;
16448;;еще;ЕЩЕ;ADV -;;; Что  _еще_ я смотрела .;е;щ;е;;;;ADV;ЕЩЕ;ADV -;Е
16449;;я;Я;SPRO sg 1p - nom;;;Что  еще _я_ смотрела . ;я;;;;;;SPRO;Я;SPRO sg 1p - nom;Я
16450;;смотрела;СМОТРЕТЬ;V ipf praet sg indic f -;;; еще я _смотрела_ .  ;а;л;е;р;т;о;V;СМОТРЕТЬ;V ipf praet sg indic f -;Ь
16451;;.;.;PUNCT;;;;;;;;;;PUNCT;;;
16452;;;;;;;;;;;;;;;;;
16453;# sent = 1213;;;;;;;;;;;;;;;;
16454;;Был;БЫТЬ;V ipf praet sg indic m -;;;.   _Был_ еще интересный по;л;ы;б;;;;V;БЫТЬ;V ipf praet sg indic m -;Ь
16455;;еще;ЕЩЕ;ADV -;;;  Был _еще_ интересный по ;е;щ;е;;;;ADV;ЕЩЕ;ADV -;Е
16456;;интересный;ИНТЕРЕСНЫЙ;A - nom sg plen m -;;; Был еще _интересный_ по  тээнтэ;й;ы;н;с;е;р;A;ИНТЕРЕСНЫЙ;A - nom sg plen m -;Й
16457;;по;ПО;PR;;;Был еще интересный _по_  тээнтэ ;о;п;;;;;PR;ПО;PR;О
16458;"<distinct form=""";;;;;;;;;;;;;;;;
16459;<dist>;тээнтэ;;;;;;;;;;;;;;;
16460;""">";;;;;;;;;;;;;;;;
16461;;ТНТ;ТНТ;S n inan nom sg abbr;;; тээнтэ  _ТНТ_  ... в;т;н;т;;;;S;ТНТ;S - inan nonflex -;Т
16462;</distinct>;;;;;;;;;;;;;;;;
16463;;...;...;PUNCT;;;;;;;;;;PUNCT;;;
16464;;в;В;PR;;;"ТНТ  ... _в_ общем : """;в;;;;;;PR;В;PR;В
16465;;общем;ОБЩИЙ;A - loc sg plen m -;;;" ... в _общем_ : "" Ох";м;е;щ;б;о;;A;ОБЩИЙ;A - loc sg plen m -;Й
16466;;:;:;PUNCT;;;;;;;;;;PUNCT;;;
16467;;"""";"""";PUNCT;;;;;;;;;;PUNCT;;;
16468;;Ох;ОХ;INTJ;;;"общем : "" _Ох_ уж эти детки";х;о;;;;;INTJ;ОХ;INTJ;Х
16469;;уж;УЖ;PART;;;": "" Ох _уж_ эти детки """;ж;у;;;;;PART;УЖ;PART;Ж
16470;;эти;ЭТОТ;APRO - nom pl plen - -;;;""" Ох уж _эти_ детки "" ,";и;т;э;;;;APRO;ЭТОТ;A - nom pl plen - -;Т
16471;;детки;РЕБЕНОЧЕК;S m anim nom pl;;;"Ох уж эти _детки_ "" , потом";и;к;т;е;д;;S;РЕБЕНОЧЕК;S m anim nom pl;К
16472;;"""";"""";PUNCT;;;;;;;;;;PUNCT;;;
16473;;,;,;PUNCT;;;;;;;;;;PUNCT;;;
16474;;потом;ПОТОМ;ADV -;;;"детки "" , _потом_ "" Эй Арнольд";м;о;т;о;п;;ADV;ПОТОМ;ADV -;М
16475;;"""";"""";PUNCT;;;;;;;;;;PUNCT;;;
16476;;Эй;ЭЙ;INTJ;;;", потом "" _Эй_ Арнольд "" ";й;э;;;;;INTJ;ЭЙ;INTJ;Й
16477;;Арнольд;АРНОЛЬД;S m anim nom sg persn;;;"потом "" Эй _Арнольд_ ""  ";д;ь;л;о;н;р;S;АРНОЛЬД;S m anim nom sg;Д
16478;;"""";"""";PUNCT;;;;;;;;;;PUNCT;;;
16479;;;;;;;;;;;;;;;;;
16480;# sent = 1214;;;;;;;;;;;;;;;;
16481;# speaker = М;;;;;;;;;;;;;;;;
16482;# sent = 1215;;;;;;;;;;;;;;;;
16483;;ааа;ААА;CONJ;;;   _ааа_   ;а;а;а;;;;CONJ;ААА;CONJ;А
16484;;;;;;;;;;;;;;;;;
16485;# sent = 1216;;;;;;;;;;;;;;;;
16486;# speaker = М;;;;;;;;;;;;;;;;
16487;# sent = 1217;;;;;;;;;;;;;;;;
16488;;Меня;Я;SPRO sg 1p - acc;;;   _Меня_ всегда раздражало ,;я;н;е;м;;;SPRO;Я;SPRO sg 1p - acc;Я
16489;;всегда;ВСЕГДА;ADV -;;;  Меня _всегда_ раздражало , когда;а;д;г;е;с;в;ADV;ВСЕГДА;ADV -;А
16490;;раздражало;РАЗДРАЖАТЬ;V ipf praet sg indic n -;;; Меня всегда _раздражало_ , когда Арнольд;о;л;а;ж;а;р;V;РАДРАЖАТЬ;V ipf praet sg indic n -;Ь
16491;;,;,;PUNCT;;;;;;;;;;PUNCT;;;
16492;;когда;КОГДА;CONJ;;;всегда раздражало , _когда_ Арнольд уходил от;а;д;г;о;к;;CONJ;КОГДА;CONJ;А
16493;;Арнольд;АРНОЛЬД;S m anim nom sg persn;;;раздражало , когда _Арнольд_ уходил от ааа;д;ь;л;о;н;р;S;АРНОЛЬД;S m anim nom sg;Д
16494;;уходил;УХОДИТЬ;V ipf praet sg indic m -;;;, когда Арнольд _уходил_ от ааа Хельги;л;и;д;о;х;у;V;УХОДИТЬ;V ipf praet sg indic m -;Ь
16495;;от;ОТ;PR;;;когда Арнольд уходил _от_ ааа Хельги ,;т;о;;;;;PR;ОТ;PR;Т
16496;;ааа;ААА;INTJ;;;Арнольд уходил от _ааа_ Хельги , кажется;а;а;а;;;;INTJ;ААА;INTJ;А
16497;;Хельги;ХЕЛЬГА;S f anim gen sg persn;;;уходил от ааа _Хельги_ , кажется ,;и;г;ь;л;е;х;S;ХЕЛЬГА;S f anim gen sg;А
16498;;,;,;PUNCT;;;;;;;;;;PUNCT;;;
16499;;кажется;КАЖЕТСЯ;ADV -;;;ааа Хельги , _кажется_ , к такой;я;с;т;е;ж;а;ADV;КАЖЕТСЯ;ADV -;Я
16500;;,;,;PUNCT;;;;;;;;;;PUNCT;;;
16501;;к;К;PR;;;, кажется , _к_ такой рыжей девочке;к;;;;;;PR;К;PR;К
16502;;такой;ТАКОЙ;APRO - dat sg plen f -;;;кажется , к _такой_ рыжей девочке ...;й;о;к;а;т;;APRO;ТАКОЙ;A - loc sg plen f -;Й
16503;;рыжей;РЫЖИЙ;A - dat sg plen f -;;;, к такой _рыжей_ девочке ... ;й;е;ж;ы;р;;A;РЫЖИЙ;A - loc sg plen f -;Й
16504;;девочке;ДЕВОЧКА;S f anim dat sg;;;к такой рыжей _девочке_ ...  ;е;к;ч;о;в;е;S;ДЕВОЧКА;S f anim dat sg;А
16505;;...;...;PUNCT;;;;;;;;;;PUNCT;;;
16506;;;;;;;;;;;;;;;;;
16507;# sent = 1218;;;;;;;;;;;;;;;;
16508;# speaker = М;;;;;;;;;;;;;;;;
16509;# sent = 1219;;;;;;;;;;;;;;;;
16510;;Типо;ТИПО;PART;;;   _Типо_ я хотела ,;о;п;и;т;;;PART;ТИПО;PART;О
16511;;я;Я;SPRO sg 1p - nom;;;  Типо _я_ хотела , чтобы;я;;;;;;SPRO;Я;SPRO sg 1p - nom;Я
16512;;хотела;ХОТЕТЬ;V ipf praet sg indic f -;;; Типо я _хотела_ , чтобы они;а;л;е;т;о;х;V;ХОТЕТЬ;V ipf praet sg indic f -;Ь
16513;;,;,;PUNCT;;;;;;;;;;PUNCT;;;
16514;;чтобы;ЧТОБЫ;CONJ;;;я хотела , _чтобы_ они были вместе;ы;б;о;т;ч;;CONJ;ЧТОБЫ;CONJ;Ы
16515;;они;ОНИ;SPRO pl - - nom;;;хотела , чтобы _они_ были вместе !!!;и;н;о;;;;SPRO;ОНИ;SPRO pl - - nom;И
16516;;были;БЫТЬ;V ipf praet pl indic - -;;;, чтобы они _были_ вместе !!! ;и;л;ы;б;;;V;БЫТЬ;V ipf praet pl indic - -;Ь
16517;;вместе;ВМЕСТЕ;ADV -;;;чтобы они были _вместе_ !!!  ;е;т;с;е;м;в;ADV;ВМЕСТЕ;ADV -;Е
16518;;!!!;!!!;PUNCT;;;;;;;;;;PUNCT;;;
16519;;;;;;;;;;;;;;;;;
16520;# sent = 1220;;;;;;;;;;;;;;;;
16521;# speaker = М;;;;;;;;;;;;;;;;
16522;# sent = 1221;;;;;;;;;;;;;;;;
16523;;И;И;CONJ;;;   _И_ вот , но;и;;;;;;CONJ;И;CONJ;И
16524;;вот;ВОТ;PART;;;  И _вот_ , но ;т;о;в;;;;PART;ВОТ;PART;Т
16525;;,;,;PUNCT;;;;;;;;;;PUNCT;;;
16526;;но;НО;CONJ;;;И вот , _но_  чо-то ;о;н;;;;;CONJ;НО;CONJ;О
16527;"<distinct form=""";;;;;;;;;;;;;;;;
16528;<dist>;чо-то;;;;;;;;;;;;;;;
16529;""">";;;;;;;;;;;;;;;;
16530;;что-то;ЧТО-ТО;SPRO n inan nom sg;;; чо-то  _что-то_  не получалось;о;т;-;о;т;ч;SPRO;ЧТО-ТО;S n - acc sg;О
16531;</distinct>;;;;;;;;;;;;;;;;
16532;;не;НЕ;PART;;; что-то  _не_ получалось ... ;е;н;;;;;PART;НЕ;PART;Е
16533;;получалось;ПОЛУЧАТЬСЯ;V ipf praet sg indic n -;;;что-то  не _получалось_ ...  ;ь;с;о;л;а;ч;V;ПОЛУЧАТЬСЯ;V ipf praet sg indic n -;Я
16534;;...;...;PUNCT;;;;;;;;;;PUNCT;;;
16535;;;;;;;;;;;;;;;;;
16536;# sent = 1222;;;;;;;;;;;;;;;;
16537;# speaker = М;;;;;;;;;;;;;;;;
16538;# sent = 1223;;;;;;;;;;;;;;;;
16539;;Потом;ПОТОМ;ADV -;;;   _Потом_ еще там был;м;о;т;о;п;;ADV;ПОТОМ;ADV -;М
16540;;еще;ЕЩЕ;ADV -;;;  Потом _еще_ там был какой-то;е;щ;е;;;;ADV;ЕЩЕ;ADV -;Е
16541;;там;ТАМ;ADV -;;; Потом еще _там_ был какой-то совершенно;м;а;т;;;;ADV;ТАМ;ADV -;М
16542;;был;БЫТЬ;V ipf praet sg indic m -;;;Потом еще там _был_ какой-то совершенно трешовый;л;ы;б;;;;V;БЫТЬ;V ipf praet sg indic m -;Ь
16543;;какой-то;КАКОЙ-ТО;APRO - nom sg plen m -;;;еще там был _какой-то_ совершенно трешовый мультик;о;т;-;й;о;к;APRO;КАКОЙ-ТО;A - nom sg plen m -;О
16544;;совершенно;СОВЕРШЕННО;ADV -;;;там был какой-то _совершенно_ трешовый мультик ,;о;н;н;е;ш;р;ADV;СОВЕРШЕННО;ADV -;О
16545;;трешовый;ТРЕШОВЫЙ;A - nom sg plen m -;;;был какой-то совершенно _трешовый_ мультик , который;й;ы;в;о;ш;е;A;ТРЕШОВЫЙ;A - nom sg plen m -;Й
16546;;мультик;МУЛЬТИК;S m inan nom sg;;;какой-то совершенно трешовый _мультик_ , который я;к;и;т;ь;л;у;S;МУЛЬТИК;S m inan nom sg;К
16547;;,;,;PUNCT;;;;;;;;;;PUNCT;;;
16548;;который;КОТОРЫЙ;APRO - nom sg plen m -;;;трешовый мультик , _который_ я тоже смотрела;й;ы;р;о;т;о;APRO;КОТОРЫЙ;A - nom sg plen m -;Й
16549;;я;Я;SPRO sg 1p - nom;;;мультик , который _я_ тоже смотрела ;я;;;;;;SPRO;Я;SPRO sg 1p - nom;Я
16550;;тоже;ТОЖЕ;PART;;;, который я _тоже_ смотрела  ;е;ж;о;т;;;PART;ТОЖЕ;PART;Е
16551;;смотрела;СМОТРЕТЬ;V ipf praet sg indic f -;;;который я тоже _смотрела_   ;а;л;е;р;т;о;V;СМОТРЕТЬ;V ipf praet sg indic f -;Ь
16552;;;;;;;;;;;;;;;;;
16553;# sent = 1224;;;;;;;;;;;;;;;;
16554;# speaker = М;;;;;;;;;;;;;;;;
16555;# sent = 1225;;;;;;;;;;;;;;;;
16556;;Про;ПРО;PR;;;   _Про_ каких-то монстров ,;о;р;п;;;;PR;ПРО;PR;О
16557;;каких-то;КАКОЙ-ТО;APRO - gen pl plen - -;;;  Про _каких-то_ монстров , которые;о;т;-;х;и;к;APRO;КАКОЙ-ТО;A - gen pl plen - -;О
16558;;монстров;МОНСТР;S m anim acc pl;;; Про каких-то _монстров_ , которые живут;в;о;р;т;с;н;S;МОНСТР;S m anim gen pl;Р
16559;;,;,;PUNCT;;;;;;;;;;PUNCT;;;
16560;;которые;КОТОРЫЙ;APRO - nom pl plen - -;;;каких-то монстров , _которые_ живут где-то в;е;ы;р;о;т;о;APRO;КОТОРЫЙ;A - nom pl plen - -;Й
16561;;живут;ЖИТЬ;V ipf praes pl indic - 3p;;;монстров , которые _живут_ где-то в канализации;т;у;в;и;ж;;V;ЖИТЬ;V ipf praes pl indic - 3p;Ь
16562;;где-то;ГДЕ-ТО;ADV -;;;, которые живут _где-то_ в канализации ,;о;т;-;е;д;г;ADV;ГДЕ-ТО;ADV -;О
16563;;в;В;PR;;;которые живут где-то _в_ канализации , да;в;;;;;;PR;В;PR;В
16564;;канализации;КАНАЛИЗАЦИЯ;S f inan loc sg;;;живут где-то в _канализации_ , да ,;и;и;ц;а;з;и;S;КАНАЛИЗАЦИЯ;S f inan loc sg;Я
16565;;,;,;PUNCT;;;;;;;;;;PUNCT;;;
16566;;да;ДА;CONJ;;;в канализации , _да_ , один из;а;д;;;;;CONJ;ДА;CONJ;А
16567;;,;,;PUNCT;;;;;;;;;;PUNCT;;;
16568;;один;ОДИН;ANUM - nom sg plen m -;;;, да , _один_ из них был;н;и;д;о;;;ANUM;ОДИН;A - nom sg plen m -;Н
16569;;из;ИЗ;PR;;;да , один _из_ них был типо;з;и;;;;;PR;ИЗ;PR;З
16570;;них;ОНИ;SPRO pl - - gen;;;, один из _них_ был типо жезлом;х;и;н;;;;SPRO;ОНИ;SPRO pl - - loc;И
16571;;был;БЫТЬ;V ipf praet sg indic m -;;;один из них _был_ типо жезлом милиционера;л;ы;б;;;;V;БЫТЬ;V ipf praet sg indic m -;Ь
16572;;типо;ТИПО;PART;;;из них был _типо_ жезлом милиционера ,;о;п;и;т;;;PART;ТИПО;PART;О
16573;;жезлом;ЖЕЗЛ;S m inan ins sg;;;них был типо _жезлом_ милиционера , такой;м;о;л;з;е;ж;S;ЖЕЗЛ;S m inan ins sg;Л
16574;;милиционера;МИЛИЦИОНЕР;S m anim gen sg;;;был типо жезлом _милиционера_ , такой ...;а;р;е;н;о;и;S;МИЛИЦИОНЕР;S m anim gen sg;Р
16575;;,;,;PUNCT;;;;;;;;;;PUNCT;;;
16576;;такой;ТАКОЙ;APRO - nom sg plen f -;;;жезлом милиционера , _такой_ ... полосатое ...;й;о;к;а;т;;APRO;ТАКОЙ;A - loc sg plen f -;Й
16577;;...;...;PUNCT;;;;;;;;;;PUNCT;;;
16578;;полосатое;ПОЛОСАТЫЙ;A - nom sg plen n -;;;, такой ... _полосатое_ ...  ;е;о;т;а;с;о;A;ПОЛОСАТЫЙ;A - nom sg plen n -;Й
16579;;...;...;PUNCT;;;;;;;;;;PUNCT;;;
16580;;;;;;;;;;;;;;;;;
16581;# sent = 1226;;;;;;;;;;;;;;;;
16582;# speaker = М;;;;;;;;;;;;;;;;
16583;# sent = 1227;;;;;;;;;;;;;;;;
16584;;Причем;ПРИЧЕМ;CONJ;;;   _Причем_ это была девочка;м;е;ч;и;р;п;CONJ;ПРИЧЕМ;CONJ;М
16585;;это;ЭТО;SPRO n - nom sg;;;  Причем _это_ была девочка ,;о;т;э;;;;SPRO;ЭТО;S n - nom sg;О
16586;;была;БЫТЬ;V ipf praet sg indic f -;;; Причем это _была_ девочка , у;а;л;ы;б;;;V;БЫТЬ;V ipf praet sg indic f -;Ь
16587;;девочка;ДЕВОЧКА;S f anim nom sg;;;Причем это была _девочка_ , у нее;а;к;ч;о;в;е;S;ДЕВОЧКА;S f anim nom sg;А
16588;;,;,;PUNCT;;;;;;;;;;PUNCT;;;
16589;;у;У;PR;;;была девочка , _у_ нее были губы;у;;;;;;PR;У;PR;У
16590;;нее;ОНА;SPRO sg 3p f gen;;;девочка , у _нее_ были губы и;е;е;н;;;;SPRO;ОНА;SPRO sg 3p f acc;А
16591;;были;БЫТЬ;V ipf praet pl indic - -;;;, у нее _были_ губы и глаза;и;л;ы;б;;;V;БЫТЬ;V ipf praet pl indic - -;Ь
16592;;губы;ГУБА;S f inan nom pl;;;у нее были _губы_ и глаза с;ы;б;у;г;;;S;ГУБА;S f inan nom pl;А
16593;;и;И;CONJ;;;нее были губы _и_ глаза с ресницами;и;;;;;;CONJ;И;CONJ;И
16594;;глаза;ГЛАЗ;S m inan nom pl;;;были губы и _глаза_ с ресницами .;а;з;а;л;г;;S;ГЛАЗ;S m inan nom pl;З
16595;;с;С;PR;;;губы и глаза _с_ ресницами . ;с;;;;;;PR;С;PR;С
16596;;ресницами;РЕСНИЦА;S f inan ins pl;;;и глаза с _ресницами_ .  ;и;м;а;ц;и;н;S;РЕСНИЦА;S f inan ins pl;А
16597;;.;.;PUNCT;;;;;;;;;;PUNCT;;;
16598;;;;;;;;;;;;;;;;;
16599;# sent = 1228;;;;;;;;;;;;;;;;
16600;# speaker = А;;;;;;;;;;;;;;;;
16601;# sent = 1229;;;;;;;;;;;;;;;;
16602;;А;А;CONJ;;;   _А_ еще один держал;а;;;;;;CONJ;А;CONJ;А
16603;;еще;ЕЩЕ;ADV -;;;  А _еще_ один держал в;е;щ;е;;;;ADV;ЕЩЕ;ADV -;Е
16604;;один;ОДИН;ANUM - nom sg plen m -;;; А еще _один_ держал в руках;н;и;д;о;;;ANUM;ОДИН;A - nom sg plen m -;Н
16605;;держал;ДЕРЖАТЬ;V ipf praet sg indic m -;;;А еще один _держал_ в руках глаза;л;а;ж;р;е;д;V;ДЕРЖАТЬ;V ipf praet sg indic m -;Ь
16606;;в;В;PR;;;еще один держал _в_ руках глаза ...;в;;;;;;PR;В;PR;В
16607;;руках;РУКА;S f inan loc pl;;;один держал в _руках_ глаза ... ;х;а;к;у;р;;S;РУКА;S f inan loc pl;А
16608;;глаза;ГЛАЗ;S m inan acc pl;;;держал в руках _глаза_ ...  ;а;з;а;л;г;;S;ГЛАЗ;S m inan acc pl;З
16609;;...;...;PUNCT;;;;;;;;;;PUNCT;;;
16610;;;;;;;;;;;;;;;;;
16611;# sent = 1230;;;;;;;;;;;;;;;;
16612;# speaker = М;;;;;;;;;;;;;;;;
16613;# sent = 1231;;;;;;;;;;;;;;;;
16614;;И;И;CONJ;;;   _И_ да , чувак;и;;;;;;CONJ;И;CONJ;И
16615;;да;ДА;CONJ;;;  И _да_ , чувак ,;а;д;;;;;CONJ;ДА;CONJ;А
16616;;,;,;PUNCT;;;;;;;;;;PUNCT;;;
16617;;чувак;ЧУВАК;S m anim nom sg;;;И да , _чувак_ , который держал;к;а;в;у;ч;;S;ЧУВАК;S m anim nom sg;К
16618;;,;,;PUNCT;;;;;;;;;;PUNCT;;;
16619;;который;КОТОРЫЙ;APRO - nom sg plen m -;;;, чувак , _который_ держал глаза в;й;ы;р;о;т;о;APRO;КОТОРЫЙ;A - nom sg plen m -;Й
16620;;держал;ДЕРЖАТЬ;V ipf praet sg indic m -;;;чувак , который _держал_ глаза в руках;л;а;ж;р;е;д;V;ДЕРЖАТЬ;V ipf praet sg indic m -;Ь
16621;;глаза;ГЛАЗ;S m inan acc pl;;;, который держал _глаза_ в руках иии;а;з;а;л;г;;S;ГЛАЗ;S m inan acc pl;З
16622;;в;В;PR;;;который держал глаза _в_ руках иии другой;в;;;;;;PR;В;PR;В
16623;;руках;РУКА;S f inan loc pl;;;держал глаза в _руках_ иии другой я;х;а;к;у;р;;S;РУКА;S f inan loc pl;А
16624;;иии;И;CONJ;distort;;глаза в руках _иии_ другой я не;и;и;и;;;;CONJ;ИИИ;S m inan gen sg;И
16625;;другой;ДРУГОЙ;A - nom sg plen m -;;;в руках иии _другой_ я не помню;й;о;г;у;р;д;A;ДРУГОЙ;A - gen sg plen f -;Й
16626;;я;Я;SPRO sg 1p - nom;;;руках иии другой _я_ не помню ,;я;;;;;;SPRO;Я;SPRO sg 1p - nom;Я
16627;;не;НЕ;PART;;;иии другой я _не_ помню , как;е;н;;;;;PART;НЕ;PART;Е
16628;;помню;ПОМНИТЬ;V ipf praes sg indic - 1p;;;другой я не _помню_ , как выглядел;ю;н;м;о;п;;V;ПОМНИТЬ;V ipf praes sg indic - 1p;Ь
16629;;,;,;PUNCT;;;;;;;;;;PUNCT;;;
16630;;как;КАК;CONJ;;;не помню , _как_ выглядел честно говоря;к;а;к;;;;CONJ;КАК;CONJ;К
16631;;выглядел;ВЫГЛЯДЕТЬ;V ipf praet sg indic m -;;;помню , как _выглядел_ честно говоря ,;л;е;д;я;л;г;V;ВЫГЛЯДЕТЬ;V ipf praet sg indic m -;Ь
16632;;честно;ЧЕСТНО;ADV -;;;, как выглядел _честно_ говоря , я;о;н;т;с;е;ч;ADV;ЧЕСТНО;ADV -;О
16633;;говоря;ГОВОРИТЬ;V ipf praes - ger - -;;;как выглядел честно _говоря_ , я уже;я;р;о;в;о;г;V;ГОВОРИТЬ;V ipf praes - ger - -;Ь
16634;;,;,;PUNCT;;;;;;;;;;PUNCT;;;
16635;;я;Я;SPRO sg 1p - nom;;;честно говоря , _я_ уже ... ;я;;;;;;SPRO;Я;SPRO sg 1p - nom;Я
16636;;уже;УЖЕ;ADV -;;;говоря , я _уже_ ...  ;е;ж;у;;;;ADV;УЖЕ;ADV -;Е
16637;;...;...;PUNCT;;;;;;;;;;PUNCT;;;
16638;;;;;;;;;;;;;;;;;
16639;# sent = 1232;;;;;;;;;;;;;;;;
16640;# speaker = М;;;;;;;;;;;;;;;;
16641;# sent = 1233;;;;;;;;;;;;;;;;
16642;;Вот;ВОТ;PART;;;   _Вот_ , еще там;т;о;в;;;;PART;ВОТ;PART;Т
16643;;,;,;PUNCT;;;;;;;;;;PUNCT;;;
16644;;еще;ЕЩЕ;ADV -;;; Вот , _еще_ там был клевый;е;щ;е;;;;ADV;ЕЩЕ;ADV -;Е
16645;;там;ТАМ;ADV -;;;Вот , еще _там_ был клевый мультик;м;а;т;;;;ADV;ТАМ;ADV -;М
16646;;был;БЫТЬ;V ipf praet sg indic m -;;;, еще там _был_ клевый мультик про;л;ы;б;;;;V;БЫТЬ;V ipf praet sg indic m -;Ь
16647;;клевый;КЛЕВЫЙ;A - nom sg plen m -;;;еще там был _клевый_ мультик про кенгуру;й;ы;в;е;л;к;A;КЛЕВЫЙ;A - nom sg plen m -;Й
16648;;мультик;МУЛЬТИК;S m inan nom sg;;;там был клевый _мультик_ про кенгуру ,;к;и;т;ь;л;у;S;МУЛЬТИК;S m inan nom sg;К
16649;;про;ПРО;PR;;;был клевый мультик _про_ кенгуру , но;о;р;п;;;;PR;ПРО;PR;О
16650;;кенгуру;КЕНГУРУ;S m anim acc sg;;;клевый мультик про _кенгуру_ , но я;у;р;у;г;н;е;S;КЕНГУРУ;S m anim nonflex -;У
16651;;,;,;PUNCT;;;;;;;;;;PUNCT;;;
16652;;но;НО;CONJ;;;про кенгуру , _но_ я не помню;о;н;;;;;CONJ;НО;CONJ;О
16653;;я;Я;SPRO sg 1p - nom;;;кенгуру , но _я_ не помню ,;я;;;;;;SPRO;Я;SPRO sg 1p - nom;Я
16654;;не;НЕ;PART;;;, но я _не_ помню , как;е;н;;;;;PART;НЕ;PART;Е
16655;;помню;ПОМНИТЬ;V ipf praes sg indic - 1p;;;но я не _помню_ , как он;ю;н;м;о;п;;V;ПОМНИТЬ;V ipf praes sg indic - 1p;Ь
16656;;,;,;PUNCT;;;;;;;;;;PUNCT;;;
16657;;как;КАК;CONJ;;;не помню , _как_ он назывался ,;к;а;к;;;;CONJ;КАК;CONJ;К
16658;;он;ОН;SPRO sg 3p m nom;;;помню , как _он_ назывался , но;н;о;;;;;SPRO;ОН;SPRO sg 3p m nom;Н
16659;;назывался;НАЗЫВАТЬСЯ;V ipf praet sg indic m -;;;, как он _назывался_ , но я;я;с;л;а;в;ы;V;НАЗЫВАТЬСЯ;V ipf praet sg indic m -;Я
16660;;,;,;PUNCT;;;;;;;;;;PUNCT;;;
16661;;но;НО;CONJ;;;он назывался , _но_ я помню ,;о;н;;;;;CONJ;НО;CONJ;О
16662;;я;Я;SPRO sg 1p - nom;;;назывался , но _я_ помню , что;я;;;;;;SPRO;Я;SPRO sg 1p - nom;Я
16663;;помню;ПОМНИТЬ;V ipf praes sg indic - 1p;;;, но я _помню_ , что этот;ю;н;м;о;п;;V;ПОМНИТЬ;V ipf praes sg indic - 1p;Ь
16664;;,;,;PUNCT;;;;;;;;;;PUNCT;;;
16665;;что;ЧТО;CONJ;;;я помню , _что_ этот кенгуру был;о;т;ч;;;;CONJ;ЧТО;CONJ;О
16666;;этот;ЭТОТ;APRO - nom sg plen m -;;;помню , что _этот_ кенгуру был в;т;о;т;э;;;APRO;ЭТОТ;A - nom sg plen m -;Т
16667;;кенгуру;КЕНГУРУ;S m anim nom sg;;;, что этот _кенгуру_ был в гавайской;у;р;у;г;н;е;S;КЕНГУРУ;S m anim nonflex -;У
16668;;был;БЫТЬ;V ipf praet sg indic m -;;;что этот кенгуру _был_ в гавайской рубашке;л;ы;б;;;;V;БЫТЬ;V ipf praet sg indic m -;Ь
16669;;в;В;PR;;;этот кенгуру был _в_ гавайской рубашке иии;в;;;;;;PR;В;PR;В
16670;;гавайской;ГАВАЙСКИЙ;A - loc sg plen f -;;;кенгуру был в _гавайской_ рубашке иии вот;й;о;к;с;й;а;A;ГАВАЙСКИЙ;A - loc sg plen f -;Й
16671;;рубашке;РУБАШКА;S f inan loc sg;;;был в гавайской _рубашке_ иии вот ..;е;к;ш;а;б;у;S;РУБАШКА;S f inan loc sg;А
16672;;иии;И;CONJ;distort;;в гавайской рубашке _иии_ вот .. ;и;и;и;;;;CONJ;ИИИ;S m inan gen sg;И
16673;;вот;ВОТ;PART;;;гавайской рубашке иии _вот_ ..  ;т;о;в;;;;PART;ВОТ;PART;Т
16674;;..;..;PUNCT;;;;;;;;;;PUNCT;;;
16675;;;;;;;;;;;;;;;;;
16676;# sent = 1234;;;;;;;;;;;;;;;;
16677;# speaker = М;;;;;;;;;;;;;;;;
16678;# sent = 1235;;;;;;;;;;;;;;;;
16679;;И;И;CONJ;;;   _И_ что-то он ходил;и;;;;;;CONJ;И;CONJ;И
16680;;что-то;ЧТО-ТО;SPRO n inan nom sg;;;  И _что-то_ он ходил ну;о;т;-;о;т;ч;SPRO;ЧТО-ТО;S n - acc sg;О
16681;;он;ОН;SPRO sg 3p m nom;;; И что-то _он_ ходил ну ...;н;о;;;;;SPRO;ОН;SPRO sg 3p m nom;Н
16682;;ходил;ХОДИТЬ;V ipf praet sg indic m -;;;И что-то он _ходил_ ну ... он;л;и;д;о;х;;V;ХОДИТЬ;V ipf praet sg indic m -;Ь
16683;;ну;НУ;PART;;;что-то он ходил _ну_ ... он типо;у;н;;;;;PART;НУ;PART;У
16684;;...;...;PUNCT;;;;;;;;;;PUNCT;;;
16685;;он;ОН;SPRO sg 3p m nom;;;ходил ну ... _он_ типо такой антропоморфный;н;о;;;;;SPRO;ОН;SPRO sg 3p m nom;Н
16686;;типо;ТИПО;PART;;;ну ... он _типо_ такой антропоморфный был;о;п;и;т;;;PART;ТИПО;PART;О
16687;;такой;ТАКОЙ;APRO - nom sg plen m -;;;... он типо _такой_ антропоморфный был ,;й;о;к;а;т;;APRO;ТАКОЙ;A - nom sg plen m -;Й
16688;;антропоморфный;АНТРОПОМОРФНЫЙ;A - nom sg plen m inan;;;он типо такой _антропоморфный_ был , мальчик;й;ы;н;ф;р;о;A;АНТРОПОМОРФНЫЙ;A - acc sg plen m inan;Й
16689;;был;БЫТЬ;V ipf praet sg indic m -;;;типо такой антропоморфный _был_ , мальчик ,;л;ы;б;;;;V;БЫТЬ;V ipf praet sg indic m -;Ь
16690;;,;,;PUNCT;;;;;;;;;;PUNCT;;;
16691;;мальчик;МАЛЬЧИК;S m anim nom sg;;;антропоморфный был , _мальчик_ , и он;к;и;ч;ь;л;а;S;МАЛЬЧИК;S m anim nom sg;К
16692;;,;,;PUNCT;;;;;;;;;;PUNCT;;;
16693;;и;И;CONJ;;;, мальчик , _и_ он ходил там;и;;;;;;CONJ;И;CONJ;И
16694;;он;ОН;SPRO sg 3p m nom;;;мальчик , и _он_ ходил там на;н;о;;;;;SPRO;ОН;SPRO sg 3p m nom;Н
16695;;ходил;ХОДИТЬ;V ipf praet sg indic m -;;;, и он _ходил_ там на работу;л;и;д;о;х;;V;ХОДИТЬ;V ipf praet sg indic m -;Ь
16696;;там;ТАМ;ADV -;;;и он ходил _там_ на работу ,;м;а;т;;;;ADV;ТАМ;ADV -;М
16697;;на;НА;PR;;;он ходил там _на_ работу , ;а;н;;;;;PR;НА;PR;А
16698;;работу;РАБОТА;S f inan acc sg;;;ходил там на _работу_ ,  чо-то;у;т;о;б;а;р;S;РАБОТА;S f inan acc sg;А
16699;;,;,;PUNCT;;;;;;;;;;PUNCT;;;
16700;"<distinct form=""";;;;;;;;;;;;;;;;
16701;<dist>;чо-то;;;;;;;;;;;;;;;
16702;""">";;;;;;;;;;;;;;;;
16703;;что-то;ЧТО-ТО;SPRO n inan acc sg;;; чо-то  _что-то_  делал ...;о;т;-;о;т;ч;SPRO;ЧТО-ТО;S n - acc sg;О
16704;</distinct>;;;;;;;;;;;;;;;;
16705;;делал;ДЕЛАТЬ;V ipf praet sg indic m -;;; что-то  _делал_ ... вот ;л;а;л;е;д;;V;ДЕЛАТЬ;V ipf praet sg indic m -;Ь
16706;;...;...;PUNCT;;;;;;;;;;PUNCT;;;
16707;;вот;ВОТ;PART;;; делал ... _вот_   ;т;о;в;;;;PART;ВОТ;PART;Т
16708;;;;;;;;;;;;;;;;;
16709;# sent = 1236;;;;;;;;;;;;;;;;
16710;# speaker = М;;;;;;;;;;;;;;;;
16711;# sent = 1237;;;;;;;;;;;;;;;;
16712;;Ну;НУ;PART;;;   _Ну_ еще конечно всякие;у;н;;;;;PART;НУ;PART;У
16713;;еще;ЕЩЕ;ADV -;;;  Ну _еще_ конечно всякие там;е;щ;е;;;;ADV;ЕЩЕ;ADV -;Е
16714;;конечно;КОНЕЧНО;ADV -;;;" Ну еще _конечно_ всякие там """;о;н;ч;е;н;о;ADV;КОНЕЧНО;ADV -;О
16715;;всякие;ВСЯКИЙ;A - nom pl plen - -;;;"Ну еще конечно _всякие_ там "" Спанч";е;и;к;я;с;в;A;ВСЯКИЙ;A - nom pl plen - -;Й
16716;;там;ТАМ;ADV -;;;"еще конечно всякие _там_ "" Спанч -";м;а;т;;;;ADV;ТАМ;ADV -;М
16717;;"""";"""";PUNCT;;;;;;;;;;PUNCT;;;
16718;;Спанч;СПАНЧ;S m anim nom sg persn;слитно;;"всякие там "" _Спанч_ - боб """;ч;н;а;п;с;;S;СПАНЧ;S f inan nom sg;Ч
16719;;-;-;PUNCT;;;;;;;;;;PUNCT;;;
16720;;боб;БОБ;S m inan nom sg persn;слитно;;""" Спанч - _боб_ "" , """;б;о;б;;;;S;БОБ;S m inan nom sg;Б
16721;;"""";"""";PUNCT;;;;;;;;;;PUNCT;;;
16722;;,;,;PUNCT;;;;;;;;;;PUNCT;;;
16723;;"""";"""";PUNCT;;;;;;;;;;PUNCT;;;
16724;;Котопёс;КОТОПЕС;S m anim nom sg persn;new;;""" , "" _Котопёс_ ""  ";с;ё;п;о;т;о;S;КОТОПЕС;S m anim nom sg;С
16725;;"""";"""";PUNCT;;;;;;;;;;PUNCT;;;
16726;;;;;;;;;;;;;;;;;
16727;# sent = 1238;;;;;;;;;;;;;;;;
16728;# speaker = А;;;;;;;;;;;;;;;;
16729;# sent = 1239;;;;;;;;;;;;;;;;
16730;;"""";"""";PUNCT;;;;;;;;;;PUNCT;;;
16731;;Котопёс;КОТОПЕС;S m anim nom sg persn;new;;"  "" _Котопёс_ "" афигительнийший мультик";с;ё;п;о;т;о;S;КОТОПЕС;S m anim nom sg;С
16732;;"""";"""";PUNCT;;;;;;;;;;PUNCT;;;
16733;;афигительнийший;АФИГИТЕЛЬНИЙШИЙ;A supr nom sg plen m inan;;;""" Котопёс "" _афигительнийший_ мультик , я";й;и;ш;й;и;н;A;АФИГИТЕЛЬНИЙШИЙ;A supr acc sg plen m inan;Й
16734;;мультик;МУЛЬТИК;S m inan nom sg;;;"Котопёс "" афигительнийший _мультик_ , я очень";к;и;т;ь;л;у;S;МУЛЬТИК;S m inan nom sg;К
16735;;,;,;PUNCT;;;;;;;;;;PUNCT;;;
16736;;я;Я;SPRO sg 1p - nom;;;афигительнийший мультик , _я_ очень люблю ...;я;;;;;;SPRO;Я;SPRO sg 1p - nom;Я
16737;;очень;ОЧЕНЬ;ADV -;;;мультик , я _очень_ люблю ... ;ь;н;е;ч;о;;ADV;ОЧЕНЬ;ADV -;Ь
16738;;люблю;ЛЮБИТЬ;V ipf praes sg indic - 1p;;;, я очень _люблю_ ...  ;ю;л;б;ю;л;;V;ЛЮБИТЬ;V ipf praes sg indic - 1p;Ь
16739;;...;...;PUNCT;;;;;;;;;;PUNCT;;;
16740;;;;;;;;;;;;;;;;;
16741;# sent = 1240;;;;;;;;;;;;;;;;
16742;# speaker = М;;;;;;;;;;;;;;;;
16743;# sent = 1241;;;;;;;;;;;;;;;;
16744;;Вот;ВОТ;PART;;;   _Вот_ а еще мне;т;о;в;;;;PART;ВОТ;PART;Т
16745;;а;А;CONJ;;;  Вот _а_ еще мне очень;а;;;;;;CONJ;А;CONJ;А
16746;;еще;ЕЩЕ;ADV -;;; Вот а _еще_ мне очень нравился;е;щ;е;;;;ADV;ЕЩЕ;ADV -;Е
16747;;мне;Я;SPRO sg 1p - dat;;;"Вот а еще _мне_ очень нравился """;е;н;м;;;;SPRO;Я;SPRO sg 1p - dat;Я
16748;;очень;ОЧЕНЬ;ADV -;;;"а еще мне _очень_ нравился "" Как";ь;н;е;ч;о;;ADV;ОЧЕНЬ;ADV -;Ь
16749;;нравился;НРАВИТЬСЯ;V ipf praet sg indic m -;;;"еще мне очень _нравился_ "" Как говорит";я;с;л;и;в;а;V;НРАВИТЬСЯ;V ipf praet sg indic m -;Я
16750;;"""";"""";PUNCT;;;;;;;;;;PUNCT;;;
16751;;Как;КАК;CONJ;;;"очень нравился "" _Как_ говорит джинджер """;к;а;к;;;;CONJ;КАК;CONJ;К
16752;;говорит;ГОВОРИТЬ;V ipf praes sg indic - 3p;;;"нравился "" Как _говорит_ джинджер "" ";т;и;р;о;в;о;V;ГОВОРИТЬ;V ipf praes sg indic - 3p;Ь
16753;;джинджер;ДЖИНДЖЕР;S m anim nom sg persn;;;""" Как говорит _джинджер_ ""  ";р;е;ж;д;н;и;S;ДЖИНДЖЕР;S f anim nonflex -;Р
16754;;"""";"""";PUNCT;;;;;;;;;;PUNCT;;;
16755;;;;;;;;;;;;;;;;;
16756;# sent = 1242;;;;;;;;;;;;;;;;
16757;# speaker = А;;;;;;;;;;;;;;;;
16758;# sent = 1243;;;;;;;;;;;;;;;;
16759;;угу;УГУ;INTJ;;;   _угу_ , да ,;у;г;у;;;;INTJ;УГУ;INTJ;У
16760;;,;,;PUNCT;;;;;;;;;;PUNCT;;;
16761;;да;ДА;CONJ;;; угу , _да_ , да ,;а;д;;;;;CONJ;ДА;CONJ;А
16762;;,;,;PUNCT;;;;;;;;;;PUNCT;;;
16763;;да;ДА;CONJ;;;, да , _да_ , тоже классная;а;д;;;;;CONJ;ДА;CONJ;А
16764;;,;,;PUNCT;;;;;;;;;;PUNCT;;;
16765;;тоже;ТОЖЕ;PART;;;, да , _тоже_ классная штука была;е;ж;о;т;;;PART;ТОЖЕ;PART;Е
16766;;классная;КЛАССНЫЙ;A - nom sg plen f -;;;да , тоже _классная_ штука была ;я;а;н;с;с;а;A;КЛАССНЫЙ;A - nom sg plen f -;Й
16767;;штука;ШТУКА;S f inan nom sg;;;, тоже классная _штука_ была  ;а;к;у;т;ш;;S;ШТУКА;S f inan nom sg;А
16768;;была;БЫТЬ;V ipf praet sg indic f -;;;тоже классная штука _была_   ;а;л;ы;б;;;V;БЫТЬ;V ipf praet sg indic f -;Ь
16769;;;;;;;;;;;;;;;;;
16770;# sent = 1244;;;;;;;;;;;;;;;;
16771;# speaker = М;;;;;;;;;;;;;;;;
16772;# sent = 1245;;;;;;;;;;;;;;;;
16773;;Мне;Я;SPRO sg 1p - dat;;;   _Мне_ нравилась оттуда девочка;е;н;м;;;;SPRO;Я;SPRO sg 1p - dat;Я
16774;;нравилась;НРАВИТЬСЯ;V ipf praet sg indic f -;;;  Мне _нравилась_ оттуда девочка ,;ь;с;а;л;и;в;V;НРАВИТЬСЯ;V ipf praet sg indic f -;Я
16775;;оттуда;ОТТУДА;ADV -;;; Мне нравилась _оттуда_ девочка , которая;а;д;у;т;т;о;ADV;ОТТУДА;ADV -;А
16776;;девочка;ДЕВОЧКА;S f anim nom sg;;;Мне нравилась оттуда _девочка_ , которая ааа;а;к;ч;о;в;е;S;ДЕВОЧКА;S f anim nom sg;А
16777;;,;,;PUNCT;;;;;;;;;;PUNCT;;;
16778;;которая;КОТОРЫЙ;APRO - nom sg plen f -;;;оттуда девочка , _которая_ ааа с белыми;я;а;р;о;т;о;APRO;КОТОРЫЙ;A - nom sg plen f -;Й
16779;;ааа;ААА;INTJ;;;девочка , которая _ааа_ с белыми волосами;а;а;а;;;;INTJ;ААА;INTJ;А
16780;;с;С;PR;;;, которая ааа _с_ белыми волосами ,;с;;;;;;PR;С;PR;С
16781;;белыми;БЕЛЫЙ;A - ins pl plen - -;;;которая ааа с _белыми_ волосами , кажется;и;м;ы;л;е;б;A;БЕЛЫЙ;A - ins pl plen - -;Й
16782;;волосами;ВОЛОС;S m inan ins pl;;;ааа с белыми _волосами_ , кажется Кортни;и;м;а;с;о;л;S;ВОЛОС;S m inan ins pl;С
16783;;,;,;PUNCT;;;;;;;;;;PUNCT;;;
16784;;кажется;КАЖЕТСЯ;ADV -;;;белыми волосами , _кажется_ Кортни , не;я;с;т;е;ж;а;ADV;КАЖЕТСЯ;ADV -;Я
16785;;Кортни;КОРТНИ;S f anim nom sg persn;;;волосами , кажется _Кортни_ , не знаю;и;н;т;р;о;к;S;КОРТНИ;S f anim nonflex -;И
16786;;,;,;PUNCT;;;;;;;;;;PUNCT;;;
16787;;не;НЕ;PART;;;кажется Кортни , _не_ знаю , я;е;н;;;;;PART;НЕ;PART;Е
16788;;знаю;ЗНАТЬ;V ipf praes sg indic - 1p;;;Кортни , не _знаю_ , я не;ю;а;н;з;;;V;ЗНАТЬ;V ipf praes sg indic - 1p;Ь
16789;;,;,;PUNCT;;;;;;;;;;PUNCT;;;
16790;;я;Я;SPRO sg 1p - nom;;;не знаю , _я_ не помню ,;я;;;;;;SPRO;Я;SPRO sg 1p - nom;Я
16791;;не;НЕ;PART;;;знаю , я _не_ помню , как;е;н;;;;;PART;НЕ;PART;Е
16792;;помню;ПОМНИТЬ;V ipf praes sg indic - 1p;;;, я не _помню_ , как ее;ю;н;м;о;п;;V;ПОМНИТЬ;V ipf praes sg indic - 1p;Ь
16793;;,;,;PUNCT;;;;;;;;;;PUNCT;;;
16794;;как;КАК;CONJ;;;не помню , _как_ ее звали ;к;а;к;;;;CONJ;КАК;CONJ;К
16795;;ее;ОНА;SPRO sg 3p f acc;;;помню , как _ее_ звали  ;е;е;;;;;SPRO;ОНА;SPRO sg 3p f acc;А
16796;;звали;ЗВАТЬ;V ipf praet pl indic - -;;;, как ее _звали_   ;и;л;а;в;з;;V;ЗВАТЬ;V ipf praet pl indic - -;Ь
16797;;;;;;;;;;;;;;;;;
16798;# sent = 1246;;;;;;;;;;;;;;;;
16799;# speaker = М;;;;;;;;;;;;;;;;
16800;# sent = 1247;;;;;;;;;;;;;;;;
16801;;Ну;НУ;PART;;;   _Ну_ которая типо богатая;у;н;;;;;PART;НУ;PART;У
16802;;которая;КОТОРЫЙ;APRO - nom sg plen f -;;;  Ну _которая_ типо богатая ,;я;а;р;о;т;о;APRO;КОТОРЫЙ;A - nom sg plen f -;Й
16803;;типо;ТИПО;PART;;; Ну которая _типо_ богатая , крутая;о;п;и;т;;;PART;ТИПО;PART;О
16804;;богатая;БОГАТЫЙ;A - nom sg plen f -;;;Ну которая типо _богатая_ , крутая ,;я;а;т;а;г;о;A;БОГАТЫЙ;A - nom sg plen f -;Й
16805;;,;,;PUNCT;;;;;;;;;;PUNCT;;;
16806;;крутая;КРУТОЙ;A - nom sg plen f -;;;типо богатая , _крутая_ , вот ;я;а;т;у;р;к;A;КРУТОЙ;A - nom sg plen f -;Й
16807;;,;,;PUNCT;;;;;;;;;;PUNCT;;;
16808;;вот;ВОТ;PART;;;, крутая , _вот_   ;т;о;в;;;;PART;ВОТ;PART;Т
16809;;;;;;;;;;;;;;;;;
16810;# sent = 1248;;;;;;;;;;;;;;;;
16811;# speaker = М;;;;;;;;;;;;;;;;
16812;# sent = 1249;;;;;;;;;;;;;;;;
16813;;Я;Я;SPRO sg 1p - nom;;;   _Я_ не могу припомнить;я;;;;;;SPRO;Я;SPRO sg 1p - nom;Я
16814;;не;НЕ;PART;;;  Я _не_ могу припомнить ;е;н;;;;;PART;НЕ;PART;Е
16815;;могу;МОЧЬ;V ipf praes sg indic - 1p;;; Я не _могу_ припомнить  ничё;у;г;о;м;;;V;МОЧЬ;V ipf praes sg indic - 1p;Ь
16816;;припомнить;ПРИПОМНИТЬ;V pf - - inf - -;;;Я не могу _припомнить_  ничё ;ь;т;и;н;м;о;V;ПРИПОМНИТЬ;V pf - - inf - -;Ь
16817;"<distinct form=""";;;;;;;;;;;;;;;;
16818;<dist>;ничё;;;;;;;;;;;;;;;
16819;""">";;;;;;;;;;;;;;;;
16820;;ничего;НИЧЕГО;ADV -;;; ничё  _ничего_  такого в;о;г;е;ч;и;н;ADV;НИЧЕГО;ADV -;О
16821;</distinct>;;;;;;;;;;;;;;;;
16822;;такого;ТАКОЙ;APRO - gen sg plen m -;;; ничего  _такого_ в классе ,;о;г;о;к;а;т;APRO;ТАКОЙ;A - gen sg plen m -;Й
16823;;в;В;PR;;;ничего  такого _в_ классе , но;в;;;;;;PR;В;PR;В
16824;;классе;КЛАСС;S m inan loc sg;;; такого в _классе_ , но короче;е;с;с;а;л;к;S;КЛАСС;S m inan loc sg;С
16825;;,;,;PUNCT;;;;;;;;;;PUNCT;;;
16826;;но;НО;CONJ;;;в классе , _но_ короче , я;о;н;;;;;CONJ;НО;CONJ;О
16827;;короче;КОРОТКИЙ;A comp - - plen - -;;;классе , но _короче_ , я увлекалась;е;ч;о;р;о;к;A;КОРОТКИЙ;A comp - - plen - -;Й
16828;;,;,;PUNCT;;;;;;;;;;PUNCT;;;
16829;;я;Я;SPRO sg 1p - nom;;;но короче , _я_ увлекалась какое-то время;я;;;;;;SPRO;Я;SPRO sg 1p - nom;Я
16830;;увлекалась;УВЛЕКАТЬСЯ;V ipf praet sg indic f -;;;короче , я _увлекалась_ какое-то время ...;ь;с;а;л;а;к;V;УВЛЕКАТЬСЯ;V ipf praet sg indic f -;Я
16831;;какое-то;КАКОЙ-ТО;APRO - nom sg plen n inan;;;, я увлекалась _какое-то_ время ... значит;о;т;-;е;о;к;APRO;КАКОЙ-ТО;A - acc sg plen n inan;О
16832;;время;ВРЕМЯ;S n inan acc sg;;;я увлекалась какое-то _время_ ... значит была;я;м;е;р;в;;S;ВРЕМЯ;S n inan acc sg;Я
16833;;...;...;PUNCT;;;;;;;;;;PUNCT;;;
16834;;значит;ЗНАЧИТ;ADV -;;;какое-то время ... _значит_ была такая серия;т;и;ч;а;н;з;ADV;ЗНАЧИТ;ADV -;Т
16835;;была;БЫТЬ;V ipf praet sg indic f -;;;время ... значит _была_ такая серия книг;а;л;ы;б;;;V;БЫТЬ;V ipf praet sg indic f -;Ь
16836;;такая;ТАКОЙ;APRO - nom sg plen f -;;;... значит была _такая_ серия книг -;я;а;к;а;т;;APRO;ТАКОЙ;A - nom sg plen f -;Й
16837;;серия;СЕРИЯ;S f inan nom sg;;;"значит была такая _серия_ книг - """;я;и;р;е;с;;S;СЕРИЯ;S f inan nom sg;Я
16838;;книг;КНИГА;S f inan gen pl;;;"была такая серия _книг_ - "" Коты";г;и;н;к;;;S;КНИГА;S f inan gen pl;А
16839;;-;-;PUNCT;;;;;;;;;;PUNCT;;;
16840;;"""";"""";PUNCT;;;;;;;;;;PUNCT;;;
16841;;Коты;КОТ;S m anim nom pl;;;"книг - "" _Коты_ - воители """;ы;т;о;к;;;S;КОТ;S m anim gen sg;Т
16842;;-;-;PUNCT;;;;;;;;;;PUNCT;;;
16843;;воители;ВОИТЕЛЬ;S m anim nom pl;;;""" Коты - _воители_ "" . ";и;л;е;т;и;о;S;ВОИТЕЛЬ;S m anim nom pl;Ь
16844;;"""";"""";PUNCT;;;;;;;;;;PUNCT;;;
16845;;.;.;PUNCT;;;;;;;;;;PUNCT;;;
16846;;;;;;;;;;;;;;;;;
16847;# sent = 1250;;;;;;;;;;;;;;;;
16848;;Да;ДА;PART;;;.   _Да_ ?  ;а;д;;;;;PART;ДА;PART;А
16849;;?;?;PUNCT;;;;;;;;;;PUNCT;;;
16850;;;;;;;;;;;;;;;;;
16851;# sent = 1251;;;;;;;;;;;;;;;;
16852;;Ты;ТЫ;SPRO sg 2p - nom;;;?   _Ты_ знаешь ? ;ы;т;;;;;SPRO;ТЫ;SPRO sg 2p - nom;Ы
16853;;знаешь;ЗНАТЬ;V ipf praes sg indic - 2p;;;  Ты _знаешь_ ?  ;ь;ш;е;а;н;з;V;ЗНАТЬ;V ipf praes sg indic - 2p;Ь
16854;;?;?;PUNCT;;;;;;;;;;PUNCT;;;
16855;;;;;;;;;;;;;;;;;
16856;# sent = 1252;;;;;;;;;;;;;;;;
16857;# speaker = М;;;;;;;;;;;;;;;;
16858;# sent = 1253;;;;;;;;;;;;;;;;
16859;;ааа;ААА;INTJ;;;   _ааа_ Вот это ,;а;а;а;;;;INTJ;ААА;S m inan nonflex -;А
16860;;Вот;ВОТ;PART;;;  ааа _Вот_ это , ну;т;о;в;;;;PART;ВОТ;PART;Т
16861;;это;ЭТО;SPRO n - nom sg;;; ааа Вот _это_ , ну я;о;т;э;;;;SPRO;ЭТО;S n - nom sg;О
16862;;,;,;PUNCT;;;;;;;;;;PUNCT;;;
16863;;ну;НУ;PART;;;Вот это , _ну_ я любила просто;у;н;;;;;PART;НУ;PART;У
16864;;я;Я;SPRO sg 1p - nom;;;это , ну _я_ любила просто кошек;я;;;;;;SPRO;Я;SPRO sg 1p - nom;Я
16865;;любила;ЛЮБИТЬ;V ipf praet sg indic f -;;;, ну я _любила_ просто кошек ,;а;л;и;б;ю;л;V;ЛЮБИТЬ;V ipf praet sg indic f -;Ь
16866;;просто;ПРОСТО;PART;;;ну я любила _просто_ кошек , я;о;т;с;о;р;п;PART;ПРОСТО;PART;О
16867;;кошек;КОШКА;S f anim acc pl;;;я любила просто _кошек_ , я и;к;е;ш;о;к;;S;КОШКА;S f anim acc pl;А
16868;;,;,;PUNCT;;;;;;;;;;PUNCT;;;
16869;;я;Я;SPRO sg 1p - nom;;;просто кошек , _я_ и сейчас люблю;я;;;;;;SPRO;Я;SPRO sg 1p - nom;Я
16870;;и;И;CONJ;;;кошек , я _и_ сейчас люблю кошек;и;;;;;;CONJ;И;CONJ;И
16871;;сейчас;СЕЙЧАС;ADV -;;;, я и _сейчас_ люблю кошек иии;с;а;ч;й;е;с;ADV;СЕЙЧАС;ADV -;С
16872;;люблю;ЛЮБИТЬ;V ipf praes sg indic - 1p;;;я и сейчас _люблю_ кошек иии тогда;ю;л;б;ю;л;;V;ЛЮБИТЬ;V ipf praes sg indic - 1p;Ь
16873;;кошек;КОШКА;S f anim acc pl;;;и сейчас люблю _кошек_ иии тогда я;к;е;ш;о;к;;S;КОШКА;S f anim acc pl;А
16874;;иии;И;CONJ;distort;;сейчас люблю кошек _иии_ тогда я типо;и;и;и;;;;CONJ;ИИИ;S m inan gen sg;И
16875;;тогда;ТОГДА;ADV -;;;"люблю кошек иии _тогда_ я типо """;а;д;г;о;т;;ADV;ТОГДА;ADV -;А
16876;;я;Я;SPRO sg 1p - nom;;;"кошек иии тогда _я_ типо "" O";я;;;;;;SPRO;Я;SPRO sg 1p - nom;Я
16877;;типо;ТИПО;PART;;;"иии тогда я _типо_ "" O !";о;п;и;т;;;PART;ТИПО;PART;О
16878;;"""";"""";PUNCT;;;;;;;;;;PUNCT;;;
16879;;O;O;NONLEX;;;"я типо "" _O_ !  ";o;;;;;;NONLEX;O;NONLEX;O
16880;;!;!;PUNCT;;;;;;;;;;PUNCT;;;
16881;;;;;;;;;;;;;;;;;
16882;# sent = 1254;;;;;;;;;;;;;;;;
16883;;Книга;КНИГА;S f inan nom sg;;;!   _Книга_ !  ;а;г;и;н;к;;S;КНИГА;S f inan nom sg;А
16884;;!;!;PUNCT;;;;;;;;;;PUNCT;;;
16885;;;;;;;;;;;;;;;;;
16886;# sent = 1255;;;;;;;;;;;;;;;;
16887;;О;О;INTJ;;;!   _О_ !  ;о;;;;;;INTJ;О;INTJ;О
16888;;!;!;PUNCT;;;;;;;;;;PUNCT;;;
16889;;;;;;;;;;;;;;;;;
16890;# sent = 1256;;;;;;;;;;;;;;;;
16891;;Про;ПРО;PR;;;!   _Про_ кошек , которые;о;р;п;;;;PR;ПРО;PR;О
16892;;кошек;КОШКА;S f anim acc pl;;;  Про _кошек_ , которые !;к;е;ш;о;к;;S;КОШКА;S f anim gen pl;А
16893;;,;,;PUNCT;;;;;;;;;;PUNCT;;;
16894;;которые;КОТОРЫЙ;APRO - nom pl plen - -;;;Про кошек , _которые_ !  ;е;ы;р;о;т;о;APRO;КОТОРЫЙ;A - nom pl plen - -;Й
16895;;!;!;PUNCT;;;;;;;;;;PUNCT;;;
16896;;;;;;;;;;;;;;;;;
16897;# sent = 1257;;;;;;;;;;;;;;;;
16898;;А;А;PART;;;!   _А_ !  ;а;;;;;;PART;А;PART;А
16899;;!;!;PUNCT;;;;;;;;;;PUNCT;;;
16900;;;;;;;;;;;;;;;;;
16901;# sent = 1258;;;;;;;;;;;;;;;;
16902;;Воители;ВОИТЕЛЬ;S m anim nom pl;;;!   _Воители_ ! и вот;и;л;е;т;и;о;S;ВОИТЕЛЬ;S m anim nom pl;Ь
16903;;!;!;PUNCT;;;;;;;;;;PUNCT;;;
16904;;и;И;CONJ;;; Воители ! _и_ вот  ;и;;;;;;CONJ;И;CONJ;И
16905;;вот;ВОТ;PART;;;Воители ! и _вот_   ;т;о;в;;;;PART;ВОТ;PART;Т
16906;;;;;;;;;;;;;;;;;
16907;# sent = 1259;;;;;;;;;;;;;;;;
16908;# speaker = М;;;;;;;;;;;;;;;;
16909;# sent = 1260;;;;;;;;;;;;;;;;
16910;;И;И;CONJ;;;   _И_ я даже зарегестрировалась;и;;;;;;CONJ;И;CONJ;И
16911;;я;Я;SPRO sg 1p - nom;;;  И _я_ даже зарегестрировалась ...;я;;;;;;SPRO;Я;SPRO sg 1p - nom;Я
16912;;даже;ДАЖЕ;PART;;; И я _даже_ зарегестрировалась ... есть;е;ж;а;д;;;PART;ДАЖЕ;PART;Е
16913;;зарегестрировалась;ЗАРЕГЕСТРИРОВАТЬСЯ;V ipf praet sg indic f -;;;И я даже _зарегестрировалась_ ... есть сайт;ь;с;а;л;а;в;V;ЗАРЕГЕСТРИРОВАТЬСЯ;V ipf praet sg indic f -;Я
16914;;...;...;PUNCT;;;;;;;;;;PUNCT;;;
16915;;есть;БЫТЬ;V ipf praes sg indic - 3p;;;даже зарегестрировалась ... _есть_ сайт вот эти;ь;т;с;е;;;V;БЫТЬ;V ipf praes sg indic - 3p;Ь
16916;;сайт;САЙТ;S m inan nom sg;;;зарегестрировалась ... есть _сайт_ вот эти как раз;т;й;а;с;;;S;САЙТ;S m inan acc sg;Т
16917;;вот;ВОТ;PART;;;... есть сайт _вот_ эти как раз с;т;о;в;;;;PART;ВОТ;PART;Т
16918;;эти;ЭТОТ;APRO - nom pl plen - -;;;есть сайт вот _эти_ как раз с ролевыми;и;т;э;;;;APRO;ЭТОТ;A - nom pl plen - -;Т
16919;;как раз;как раз;ADV -;;;сайт вот эти _как раз_ с ролевыми вот;з;а;р; ;к;а;ADV;как раз;ADV -;з
16920;;с;С;PR;;;вот эти как раз _с_ ролевыми вот этими;с;;;;;;PR;С;PR;С
16921;;ролевыми;РОЛЕВОЙ;A - ins pl plen - -;;;эти как раз с _ролевыми_ вот этими играми;и;м;ы;в;е;л;A;РОЛЕВОЙ;A - ins pl plen - -;Й
16922;;вот;ВОТ;PART;;;как раз с ролевыми _вот_ этими играми ,;т;о;в;;;;PART;ВОТ;PART;Т
16923;;этими;ЭТОТ;APRO - ins pl plen - -;;;с ролевыми вот _этими_ играми , иии;и;м;и;т;э;;APRO;ЭТОТ;A - ins pl plen - -;Т
16924;;играми;ИГРА;S f inan ins pl;;;ролевыми вот этими _играми_ , иии вот;и;м;а;р;г;и;S;ИГРА;S f inan ins pl;А
16925;;,;,;PUNCT;;;;;;;;;;PUNCT;;;
16926;;иии;И;CONJ;distort;;этими играми , _иии_ вот , я;и;и;и;;;;CONJ;ИИИ;S m inan gen sg;И
16927;;вот;ВОТ;PART;;;играми , иии _вот_ , я там;т;о;в;;;;PART;ВОТ;PART;Т
16928;;,;,;PUNCT;;;;;;;;;;PUNCT;;;
16929;;я;Я;SPRO sg 1p - nom;;;иии вот , _я_ там зарегистрировалась ,;я;;;;;;SPRO;Я;SPRO sg 1p - nom;Я
16930;;там;ТАМ;ADV -;;;вот , я _там_ зарегистрировалась , там;м;а;т;;;;ADV;ТАМ;ADV -;М
16931;;зарегистрировалась;ЗАРЕГИСТРИРОВАТЬСЯ;V pf praet sg indic f -;;;, я там _зарегистрировалась_ , там нужно;ь;с;а;л;а;в;V;ЗАРЕГИСТРИРОВАТЬСЯ;V pf praet sg indic f -;Я
16932;;,;,;PUNCT;;;;;;;;;;PUNCT;;;
16933;;там;ТАМ;ADV -;;;там зарегистрировалась , _там_ нужно было анкету;м;а;т;;;;ADV;ТАМ;ADV -;М
16934;;нужно;НУЖНО;PRAEDIC;;;зарегистрировалась , там _нужно_ было анкету заполнить;о;н;ж;у;н;;PRAEDIC;НУЖНО;ADV -;О
16935;;было;БЫТЬ;V ipf praet sg indic n -;;;, там нужно _было_ анкету заполнить ;о;л;ы;б;;;V;БЫТЬ;V ipf praet sg indic n -;Ь
16936;;анкету;АНКЕТА;S f inan acc sg;;;там нужно было _анкету_ заполнить  ;у;т;е;к;н;а;S;АНКЕТА;S f inan acc sg;А
16937;;заполнить;ЗАПОЛНИТЬ;V pf - - inf - -;;;нужно было анкету _заполнить_   ;ь;т;и;н;л;о;V;ЗАПОЛНИТЬ;V pf - - inf - -;Ь
16938;;;;;;;;;;;;;;;;;
16939;# sent = 1261;;;;;;;;;;;;;;;;
16940;# speaker = М;;;;;;;;;;;;;;;;
16941;# sent = 1262;;;;;;;;;;;;;;;;
16942;;Там;ТАМ;ADV -;;;   _Там_ очень подробно надо;м;а;т;;;;ADV;ТАМ;ADV -;М
16943;;очень;ОЧЕНЬ;ADV -;;;  Там _очень_ подробно надо было;ь;н;е;ч;о;;ADV;ОЧЕНЬ;ADV -;Ь
16944;;подробно;ПОДРОБНО;ADV -;;; Там очень _подробно_ надо было описать;о;н;б;о;р;д;ADV;ПОДРОБНО;ADV -;О
16945;;надо;НАДО;PRAEDIC;;;Там очень подробно _надо_ было описать себя;о;д;а;н;;;PRAEDIC;НАДО;ADV -;О
16946;;было;БЫТЬ;V ipf praet sg indic n -;;;очень подробно надо _было_ описать себя ,;о;л;ы;б;;;V;БЫТЬ;V ipf praet sg indic n -;Ь
16947;;описать;ОПИСАТЬ;V pf - - inf - -;;;подробно надо было _описать_ себя , там;ь;т;а;с;и;п;V;ОПИСАТЬ;V pf - - inf - -;Ь
16948;;себя;СЕБЯ;SPRO - - - acc;;;надо было описать _себя_ , там какой;я;б;е;с;;;SPRO;СЕБЯ;SPRO - - - acc;Я
16949;;,;,;PUNCT;;;;;;;;;;PUNCT;;;
16950;;там;ТАМ;ADV -;;;описать себя , _там_ какой ты кот;м;а;т;;;;ADV;ТАМ;ADV -;М
16951;;какой;КАКОЙ;APRO - nom sg plen m -;;;себя , там _какой_ ты кот ,;й;о;к;а;к;;APRO;КАКОЙ;A - nom sg plen m -;Й
16952;;ты;ТЫ;SPRO sg 2p - nom;;;, там какой _ты_ кот , как;ы;т;;;;;SPRO;ТЫ;SPRO sg 2p - nom;Ы
16953;;кот;КОТ;S m anim nom sg;;;там какой ты _кот_ , как ты;т;о;к;;;;S;КОТ;S m anim nom sg;Т
16954;;,;,;PUNCT;;;;;;;;;;PUNCT;;;
16955;;как;КАК;CONJ;;;ты кот , _как_ ты выглядишь ;к;а;к;;;;CONJ;КАК;CONJ;К
16956;;ты;ТЫ;SPRO sg 2p - nom;;;кот , как _ты_ выглядишь  ;ы;т;;;;;SPRO;ТЫ;SPRO sg 2p - nom;Ы
16957;;выглядишь;ВЫГЛЯДЕТЬ;V ipf praes sg indic - 2p;;;, как ты _выглядишь_   ;ь;ш;и;д;я;л;V;ВЫГЛЯДЕТЬ;V ipf praes sg indic - 2p;Ь
16958;;;;;;;;;;;;;;;;;
16959;# sent = 1263;;;;;;;;;;;;;;;;
16960;# speaker = М;;;;;;;;;;;;;;;;
16961;# sent = 1264;;;;;;;;;;;;;;;;
16962;;У;У;PR;;;   _У_ меня в общем;у;;;;;;PR;У;PR;У
16963;;меня;Я;SPRO sg 1p - gen;;;  У _меня_ в общем была;я;н;е;м;;;SPRO;Я;SPRO sg 1p - acc;Я
16964;;в;В;PR;;; У меня _в_ общем была книга;в;;;;;;PR;В;PR;В
16965;;общем;ОБЩИЙ;A - loc sg plen m -;;;У меня в _общем_ была книга такая;м;е;щ;б;о;;A;ОБЩИЙ;A - loc sg plen m -;Й
16966;;была;БЫТЬ;V ipf praet sg indic f -;;;меня в общем _была_ книга такая про;а;л;ы;б;;;V;БЫТЬ;V ipf praet sg indic f -;Ь
16967;;книга;КНИГА;S f inan nom sg;;;в общем была _книга_ такая про кошек;а;г;и;н;к;;S;КНИГА;S f inan nom sg;А
16968;;такая;ТАКОЙ;APRO - nom sg plen f -;;;общем была книга _такая_ про кошек ,;я;а;к;а;т;;APRO;ТАКОЙ;A - nom sg plen f -;Й
16969;;про;ПРО;PR;;;была книга такая _про_ кошек , ;о;р;п;;;;PR;ПРО;PR;О
16970;;кошек;КОШКА;S f anim acc pl;;;книга такая про _кошек_ ,  чо-то;к;е;ш;о;к;;S;КОШКА;S f anim gen pl;А
16971;;,;,;PUNCT;;;;;;;;;;PUNCT;;;
16972;"<distinct form=""";;;;;;;;;;;;;;;;
16973;<dist>;чо-то;;;;;;;;;;;;;;;
16974;""">";;;;;;;;;;;;;;;;
16975;;что-то;ЧТО-ТО;SPRO n inan acc sg;;; чо-то  _что-то_  по уходу;о;т;-;о;т;ч;SPRO;ЧТО-ТО;S n - acc sg;О
16976;</distinct>;;;;;;;;;;;;;;;;
16977;;по;ПО;PR;;; что-то  _по_ уходу там ,;о;п;;;;;PR;ПО;PR;О
16978;;уходу;УХОД;S m inan dat sg;;;что-то  по _уходу_ там , еще;у;д;о;х;у;;S;УХОД;S m inan dat sg;Д
16979;;там;ТАМ;ADV -;;; по уходу _там_ , еще какие-то;м;а;т;;;;ADV;ТАМ;ADV -;М
16980;;,;,;PUNCT;;;;;;;;;;PUNCT;;;
16981;;еще;ЕЩЕ;ADV -;;;уходу там , _еще_ какие-то сведения в;е;щ;е;;;;ADV;ЕЩЕ;ADV -;Е
16982;;какие-то;КАКОЙ-ТО;APRO - nom pl plen - -;;;там , еще _какие-то_ сведения в целом;о;т;-;е;и;к;APRO;КАКОЙ-ТО;A - nom pl plen - -;О
16983;;сведения;СВЕДЕНИЕ;S n inan nom pl;;;, еще какие-то _сведения_ в целом научные;я;и;н;е;д;е;S;СВЕДЕНИЕ;S n inan nom pl;Е
16984;;в;В;PR;;;еще какие-то сведения _в_ целом научные ,;в;;;;;;PR;В;PR;В
16985;;целом;ЦЕЛЫЙ;A - loc sg plen m -;;;какие-то сведения в _целом_ научные , такая;м;о;л;е;ц;;S;ЦЕЛОЕ;S n inan loc sg;Й
16986;;научные;НАУЧНЫЙ;A - nom pl plen - inan;;;сведения в целом _научные_ , такая сборная;е;ы;н;ч;у;а;A;НАУЧНЫЙ;A - acc pl plen - inan;Й
16987;;,;,;PUNCT;;;;;;;;;;PUNCT;;;
16988;;такая;ТАКОЙ;APRO - nom sg plen f -;;;целом научные , _такая_ сборная солянка ,;я;а;к;а;т;;APRO;ТАКОЙ;A - nom sg plen f -;Й
16989;;сборная;СБОРНЫЙ;A - nom sg plen f -;;;научные , такая _сборная_ солянка , в;я;а;н;р;о;б;A;СБОРНАЯ;S f inan nom sg;Й
16990;;солянка;СОЛЯНКА;S f inan nom sg;;;, такая сборная _солянка_ , в общем;а;к;н;я;л;о;S;СОЛЯНКА;S f inan nom sg;А
16991;;,;,;PUNCT;;;;;;;;;;PUNCT;;;
16992;;в;В;PR;;;сборная солянка , _в_ общем для владельцев;в;;;;;;PR;В;PR;В
16993;;общем;ОБЩИЙ;A - loc sg plen m -;;;солянка , в _общем_ для владельцев кошек;м;е;щ;б;о;;A;ОБЩИЙ;A - loc sg plen m -;Й
16994;;для;ДЛЯ;PR;;;, в общем _для_ владельцев кошек ;я;л;д;;;;PR;ДЛЯ;PR;Я
16995;;владельцев;ВЛАДЕЛЕЦ;S m anim gen pl;;;в общем для _владельцев_ кошек  ;в;е;ц;ь;л;е;S;ВЛАДЕЛЕЦ;S m anim gen pl;Ц
16996;;кошек;КОШКА;S f anim gen pl;;;общем для владельцев _кошек_   ;к;е;ш;о;к;;S;КОШКА;S f anim acc pl;А
16997;;;;;;;;;;;;;;;;;
16998;# sent = 1265;;;;;;;;;;;;;;;;
16999;# speaker = М;;;;;;;;;;;;;;;;
17000;# sent = 1266;;;;;;;;;;;;;;;;
17001;;иии;И;CONJ;distort;;   _иии_ я взяла оттуда;и;и;и;;;;CONJ;ИИИ;S f anim nom sg;И
17002;;я;Я;SPRO sg 1p - nom;;;  иии _я_ взяла оттуда какие-то;я;;;;;;SPRO;Я;SPRO sg 1p - nom;Я
17003;;взяла;ВЗЯТЬ;V pf praet sg indic f -;;; иии я _взяла_ оттуда какие-то такие;а;л;я;з;в;;V;ВЗЯТЬ;V pf praet sg indic f -;Ь
17004;;оттуда;ОТТУДА;ADV -;;;иии я взяла _оттуда_ какие-то такие термины;а;д;у;т;т;о;ADV;ОТТУДА;ADV -;А
17005;;какие-то;КАКОЙ-ТО;APRO - nom pl plen - -;;;я взяла оттуда _какие-то_ такие термины для;о;т;-;е;и;к;APRO;КАКОЙ-ТО;A - nom pl plen - -;О
17006;;такие;ТАКОЙ;APRO - nom pl plen - -;;;взяла оттуда какие-то _такие_ термины для там;е;и;к;а;т;;APRO;ТАКОЙ;A - nom pl plen - -;Й
17007;;термины;ТЕРМИН;S m inan nom pl;;;оттуда какие-то такие _термины_ для там названия;ы;н;и;м;р;е;S;ТЕРМИН;S m inan nom pl;Н
17008;;для;ДЛЯ;PR;;;какие-то такие термины _для_ там названия окраса;я;л;д;;;;PR;ДЛЯ;PR;Я
17009;;там;ТАМ;PART;;;такие термины для _там_ названия окраса ,;м;а;т;;;;PART;ТАМ;PART;М
17010;;названия;НАЗВАНИЕ;S n inan gen sg;;;термины для там _названия_ окраса , и;я;и;н;а;в;з;S;НАЗВАНИЕ;S n inan gen sg;Е
17011;;окраса;ОКРАС;S m inan gen sg;;;для там названия _окраса_ , и мне;а;с;а;р;к;о;S;ОКРАС;S m inan gen sg;С
17012;;,;,;PUNCT;;;;;;;;;;PUNCT;;;
17013;;и;И;CONJ;;;названия окраса , _и_ мне модератор потом;и;;;;;;CONJ;И;CONJ;И
17014;;мне;Я;SPRO sg 1p - dat;;;окраса , и _мне_ модератор потом писал;е;н;м;;;;SPRO;Я;SPRO sg 1p - dat;Я
17015;;модератор;МОДЕРАТОР;S m inan nom sg;;;, и мне _модератор_ потом писал типо;р;о;т;а;р;е;S;МОДЕРАТОР;S m inan nom sg;Р
17016;;потом;ПОТОМ;ADV -;;;и мне модератор _потом_ писал типо ,;м;о;т;о;п;;ADV;ПОТОМ;ADV -;М
17017;;писал;ПИСАТЬ;V ipf praet sg indic m -;;;мне модератор потом _писал_ типо , ;л;а;с;и;п;;V;ПИСАТЬ;V ipf praet sg indic m -;Ь
17018;;типо;ТИПО;PART;;;модератор потом писал _типо_ ,  чё;о;п;и;т;;;PART;ТИПО;PART;О
17019;;,;,;PUNCT;;;;;;;;;;PUNCT;;;
17020;"<distinct form=""";;;;;;;;;;;;;;;;
17021;<dist>;чё;;;;;;;;;;;;;;;
17022;""">";;;;;;;;;;;;;;;;
17023;;что;ЧТО;ADV -;;; чё  _что_  это значит;о;т;ч;;;;ADV;ЧТО;ADV -;О
17024;</distinct>;;;;;;;;;;;;;;;;
17025;;это;ЭТО;SPRO n - nom sg;;; что  _это_ значит , ;о;т;э;;;;SPRO;ЭТО;S n - nom sg;О
17026;;значит;ЗНАЧИТЬ;V ipf praes sg indic - 3p;;;что  это _значит_ ,  чё;т;и;ч;а;н;з;V;ЗНАЧИТЬ;V ipf praes sg indic - 3p;Ь
17027;;,;,;PUNCT;;;;;;;;;;PUNCT;;;
17028;"<distinct form=""";;;;;;;;;;;;;;;;
17029;<dist>;чё;;;;;;;;;;;;;;;
17030;""">";;;;;;;;;;;;;;;;
17031;;что;ЧТО;ADV -;;; чё  _что_  это такое;о;т;ч;;;;ADV;ЧТО;ADV -;О
17032;</distinct>;;;;;;;;;;;;;;;;
17033;;это;ЭТО;SPRO n - nom sg;;; что  _это_ такое , почему;о;т;э;;;;SPRO;ЭТО;S n - nom sg;О
17034;;такое;ТАКОЙ;APRO - nom sg plen n -;;;что  это _такое_ , почему так;е;о;к;а;т;;APRO;ТАКОЙ;A - nom sg plen n -;Й
17035;;,;,;PUNCT;;;;;;;;;;PUNCT;;;
17036;;почему;ПОЧЕМУ;ADV -;;;это такое , _почему_ так сложно ;у;м;е;ч;о;п;ADV;ПОЧЕМУ;ADV -;У
17037;;так;ТАК;ADV -;;;такое , почему _так_ сложно  ;к;а;т;;;;ADV;ТАК;ADV -;К
17038;;сложно;СЛОЖНО;PRAEDIC ;;;, почему так _сложно_   ;о;н;ж;о;л;с;A;СЛОЖНЫЙ;A - - sg brev n -;О
17039;;;;;;;;;;;;;;;;;
17040;# sent = 1267;;;;;;;;;;;;;;;;
17041;# speaker = М;;;;;;;;;;;;;;;;
17042;# sent = 1268;;;;;;;;;;;;;;;;
17043;;Вот;ВОТ;PART;;;   _Вот_ я зарегистрировалась ,;т;о;в;;;;PART;ВОТ;PART;Т
17044;;я;Я;SPRO sg 1p - nom;;;  Вот _я_ зарегистрировалась , и;я;;;;;;SPRO;Я;SPRO sg 1p - nom;Я
17045;;зарегистрировалась;ЗАРЕГИСТРИРОВАТЬСЯ;V pf praet sg indic f -;;; Вот я _зарегистрировалась_ , и я;ь;с;а;л;а;в;V;ЗАРЕГИСТРИРОВАТЬСЯ;V pf praet sg indic f -;Я
17046;;,;,;PUNCT;;;;;;;;;;PUNCT;;;
17047;;и;И;CONJ;;;я зарегистрировалась , _и_ я была типо;и;;;;;;CONJ;И;CONJ;И
17048;;я;Я;SPRO sg 1p - nom;;;зарегистрировалась , и _я_ была типо вот;я;;;;;;SPRO;Я;SPRO sg 1p - nom;Я
17049;;была;БЫТЬ;V ipf praet sg indic f -;;;, и я _была_ типо вот кот;а;л;ы;б;;;V;БЫТЬ;V ipf praet sg indic f -;Ь
17050;;типо;ТИПО;PART;;;и я была _типо_ вот кот ,;о;п;и;т;;;PART;ТИПО;PART;О
17051;;вот;ВОТ;PART;;;я была типо _вот_ кот , рыжый;т;о;в;;;;PART;ВОТ;PART;Т
17052;;кот;КОТ;S m anim nom sg;;;была типо вот _кот_ , рыжый ,;т;о;к;;;;S;КОТ;S m anim nom sg;Т
17053;;,;,;PUNCT;;;;;;;;;;PUNCT;;;
17054;;рыжый;РЫЖИЙ;A - nom sg plen m -;distort;;вот кот , _рыжый_ , и у;й;ы;ж;ы;р;;A;РЫЖЫЙ;NONLEX;Й
17055;;,;,;PUNCT;;;;;;;;;;PUNCT;;;
17056;;и;И;CONJ;;;, рыжый , _и_ у меня был;и;;;;;;CONJ;И;CONJ;И
17057;;у;У;PR;;;рыжый , и _у_ меня был ...;у;;;;;;PR;У;PR;У
17058;;меня;Я;SPRO sg 1p - gen;;;, и у _меня_ был ... была;я;н;е;м;;;SPRO;Я;SPRO sg 1p - acc;Я
17059;;был;БЫТЬ;V ipf praet sg indic m -;;;и у меня _был_ ... была значит;л;ы;б;;;;V;БЫТЬ;V ipf praet sg indic m -;Ь
17060;;...;...;PUNCT;;;;;;;;;;PUNCT;;;
17061;;была;БЫТЬ;V ipf praet sg indic f -;;;меня был ... _была_ значит ученица ,;а;л;ы;б;;;V;БЫТЬ;V ipf praet sg indic f -;Ь
17062;;значит;ЗНАЧИТ;ADV -;;;был ... была _значит_ ученица , котенок;т;и;ч;а;н;з;ADV;ЗНАЧИТ;ADV -;Т
17063;;ученица;УЧЕНИЦА;S f anim nom sg;;;... была значит _ученица_ , котенок ,;а;ц;и;н;е;ч;S;УЧЕНИЦА;S f anim nom sg;А
17064;;,;,;PUNCT;;;;;;;;;;PUNCT;;;
17065;;котенок;КОТЕНОК;S m anim nom sg;;;значит ученица , _котенок_ , и у;к;о;н;е;т;о;S;КОТЕНОК;S m anim nom sg;К
17066;;,;,;PUNCT;;;;;;;;;;PUNCT;;;
17067;;и;И;CONJ;;;, котенок , _и_ у меня еще;и;;;;;;CONJ;И;CONJ;И
17068;;у;У;PR;;;котенок , и _у_ меня еще была;у;;;;;;PR;У;PR;У
17069;;меня;Я;SPRO sg 1p - gen;;;, и у _меня_ еще была жена;я;н;е;м;;;SPRO;Я;SPRO sg 1p - acc;Я
17070;;еще;ЕЩЕ;ADV -;;;и у меня _еще_ была жена ,;е;щ;е;;;;ADV;ЕЩЕ;ADV -;Е
17071;;была;БЫТЬ;V ipf praet sg indic f -;;;у меня еще _была_ жена , вот;а;л;ы;б;;;V;БЫТЬ;V ipf praet sg indic f -;Ь
17072;;жена;ЖЕНА;S f anim nom sg;;;меня еще была _жена_ , вот ,;а;н;е;ж;;;S;ЖЕНА;S f anim nom sg;А
17073;;,;,;PUNCT;;;;;;;;;;PUNCT;;;
17074;;вот;ВОТ;PART;;;была жена , _вот_ , кошка ,;т;о;в;;;;PART;ВОТ;PART;Т
17075;;,;,;PUNCT;;;;;;;;;;PUNCT;;;
17076;;кошка;КОШКА;S f anim nom sg;;;, вот , _кошка_ , классно ;а;к;ш;о;к;;S;КОШКА;S f anim nom sg;А
17077;;,;,;PUNCT;;;;;;;;;;PUNCT;;;
17078;;классно;КЛАССНО;ADV -;;;, кошка , _классно_   ;о;н;с;с;а;л;ADV;КЛАССНО;ADV -;О
17079;;;;;;;;;;;;;;;;;
17080;# sent = 1269;;;;;;;;;;;;;;;;
17081;# speaker = М;;;;;;;;;;;;;;;;
17082;# sent = 1270;;;;;;;;;;;;;;;;
17083;;Но;НО;CONJ;;;   _Но_ потом я это;о;н;;;;;CONJ;НО;CONJ;О
17084;;потом;ПОТОМ;ADV -;;;  Но _потом_ я это дело;м;о;т;о;п;;ADV;ПОТОМ;ADV -;М
17085;;я;Я;SPRO sg 1p - nom;;; Но потом _я_ это дело забросила;я;;;;;;SPRO;Я;SPRO sg 1p - nom;Я
17086;;это;ЭТО;SPRO n - acc sg;;;Но потом я _это_ дело забросила ,;о;т;э;;;;SPRO;ЭТО;S n inan acc sg;О
17087;;дело;ДЕЛО;S n inan acc sg;;;потом я это _дело_ забросила , типо;о;л;е;д;;;S;ДЕЛО;S n inan nom sg;О
17088;;забросила;ЗАБРОСИТЬ;V pf praet sg indic f -;;;я это дело _забросила_ , типо мне;а;л;и;с;о;р;V;ЗАБРОСИТЬ;V pf praet sg indic f -;Ь
17089;;,;,;PUNCT;;;;;;;;;;PUNCT;;;
17090;;типо;ТИПО;PART;;;дело забросила , _типо_ мне стало лень;о;п;и;т;;;PART;ТИПО;PART;О
17091;;мне;Я;SPRO sg 1p - dat;;;забросила , типо _мне_ стало лень туда;е;н;м;;;;SPRO;Я;SPRO sg 1p - dat;Я
17092;;стало;СТАТЬ;V pf praet sg indic n -;;;, типо мне _стало_ лень туда заходить;о;л;а;т;с;;V;СТАТЬ;V pf praet sg indic n -;Ь
17093;;лень;ЛЕНЬ;S f inan nom sg;;;типо мне стало _лень_ туда заходить ,;ь;н;е;л;;;S;ЛЕНЬ;S f inan acc sg;Ь
17094;;туда;ТУДА;ADV -;;;мне стало лень _туда_ заходить , и;а;д;у;т;;;ADV;ТУДА;ADV -;А
17095;;заходить;ЗАХОДИТЬ;V ipf - - inf - -;;;стало лень туда _заходить_ , и я;ь;т;и;д;о;х;V;ЗАХОДИТЬ;V ipf - - inf - -;Ь
17096;;,;,;PUNCT;;;;;;;;;;PUNCT;;;
17097;;и;И;CONJ;;;туда заходить , _и_ я не заходила;и;;;;;;CONJ;И;CONJ;И
17098;;я;Я;SPRO sg 1p - nom;;;заходить , и _я_ не заходила больше;я;;;;;;SPRO;Я;SPRO sg 1p - nom;Я
17099;;не;НЕ;PART;;;, и я _не_ заходила больше ;е;н;;;;;PART;НЕ;PART;Е
17100;;заходила;ЗАХОДИТЬ;V ipf praet sg indic f -;;;и я не _заходила_ больше  ;а;л;и;д;о;х;V;ЗАХОДИТЬ;V ipf praet sg indic f -;Ь
17101;;больше;МНОГО;ADV comp;;;я не заходила _больше_   ;е;ш;ь;л;о;б;ADV;МНОГО;ADV comp;О
17102;;;;;;;;;;;;;;;;;
17103;# sent = 1271;;;;;;;;;;;;;;;;
17104;# speaker = М;;;;;;;;;;;;;;;;
17105;# sent = 1272;;;;;;;;;;;;;;;;
17106;;Нооо;НО;CONJ;distort;;   _Нооо_ я эти книжки;о;о;о;н;;;CONJ;НООО;S m inan nonflex -;О
17107;;я;Я;SPRO sg 1p - nom;;;  Нооо _я_ эти книжки очень;я;;;;;;SPRO;Я;SPRO sg 1p - nom;Я
17108;;эти;ЭТОТ;APRO - nom pl plen - -;;; Нооо я _эти_ книжки очень долго;и;т;э;;;;APRO;ЭТОТ;A - nom pl plen - -;Т
17109;;книжки;КНИЖКА;S f inan nom pl;;;Нооо я эти _книжки_ очень долго читала;и;к;ж;и;н;к;S;КНИЖКА;S f inan nom pl;А
17110;;очень;ОЧЕНЬ;ADV -;;;я эти книжки _очень_ долго читала ,;ь;н;е;ч;о;;ADV;ОЧЕНЬ;ADV -;Ь
17111;;долго;ДОЛГО;ADV -;;;эти книжки очень _долго_ читала , и;о;г;л;о;д;;ADV;ДОЛГО;ADV -;О
17112;;читала;ЧИТАТЬ;V ipf praet sg indic f -;;;книжки очень долго _читала_ , и я;а;л;а;т;и;ч;V;ЧИТАТЬ;V ipf praet sg indic f -;Ь
17113;;,;,;PUNCT;;;;;;;;;;PUNCT;;;
17114;;и;И;CONJ;;;долго читала , _и_ я сначала в;и;;;;;;CONJ;И;CONJ;И
17115;;я;Я;SPRO sg 1p - nom;;;читала , и _я_ сначала в библиотеке;я;;;;;;SPRO;Я;SPRO sg 1p - nom;Я
17116;;сначала;СНАЧАЛА;ADV -;;;, и я _сначала_ в библиотеке всё;а;л;а;ч;а;н;ADV;СНАЧАЛА;ADV -;А
17117;;в;В;PR;;;и я сначала _в_ библиотеке всё что;в;;;;;;PR;В;PR;В
17118;;библиотеке;БИБЛИОТЕКА;S f inan loc sg;;;я сначала в _библиотеке_ всё что у;е;к;е;т;о;и;S;БИБЛИОТЕКА;S f inan loc sg;А
17119;;всё;ВЕСЬ;S n - nom sg;;;сначала в библиотеке _всё_ что у нас;ё;с;в;;;;S;ВСЕ;S n - nom sg;Ь
17120;;что;ЧТО;CONJ;;;в библиотеке всё _что_ у нас было;о;т;ч;;;;CONJ;ЧТО;CONJ;О
17121;;у;У;PR;;;библиотеке всё что _у_ нас было прочитала;у;;;;;;PR;У;PR;У
17122;;нас;МЫ;SPRO pl 1p - gen;;;всё что у _нас_ было прочитала ,;с;а;н;;;;SPRO;МЫ;SPRO pl 1p - loc;Ы
17123;;было;БЫТЬ;V ipf praet sg indic n -;;;что у нас _было_ прочитала , потом;о;л;ы;б;;;V;БЫТЬ;V ipf praet sg indic n -;Ь
17124;;прочитала;ПРОЧЕСТЬ;V pf praet sg indic f -;;;у нас было _прочитала_ , потом стала;а;л;а;т;и;ч;V;ПРОЧЕСТЬ;V pf praet sg indic f -;Ь
17125;;,;,;PUNCT;;;;;;;;;;PUNCT;;;
17126;;потом;ПОТОМ;ADV -;;;было прочитала , _потом_ стала уже покупать;м;о;т;о;п;;ADV;ПОТОМ;ADV -;М
17127;;стала;СТАТЬ;V pf praet sg indic f -;;;прочитала , потом _стала_ уже покупать эти;а;л;а;т;с;;V;СТАТЬ;V pf praet sg indic f -;Ь
17128;;уже;УЖЕ;ADV -;;;, потом стала _уже_ покупать эти новые;е;ж;у;;;;ADV;УЖЕ;ADV -;Е
17129;;покупать;ПОКУПАТЬ;V ipf - - inf - -;;;потом стала уже _покупать_ эти новые ,;ь;т;а;п;у;к;V;ПОКУПАТЬ;V ipf - - inf - -;Ь
17130;;эти;ЭТОТ;APRO - acc pl plen - -;;;стала уже покупать _эти_ новые , которые;и;т;э;;;;APRO;ЭТОТ;A - nom pl plen - -;Т
17131;;новые;НОВЫЙ;A - acc pl plen - -;;;уже покупать эти _новые_ , которые выходили;е;ы;в;о;н;;A;НОВЫЙ;A - nom pl plen - -;Й
17132;;,;,;PUNCT;;;;;;;;;;PUNCT;;;
17133;;которые;КОТОРЫЙ;APRO - nom pl plen - -;;;эти новые , _которые_ выходили  ;е;ы;р;о;т;о;APRO;КОТОРЫЙ;A - nom pl plen - -;Й
17134;;выходили;ВЫХОДИТЬ;V ipf praet pl indic - -;;;новые , которые _выходили_   ;и;л;и;д;о;х;V;ВЫХОДИТЬ;V ipf praet pl indic - -;Ь
17135;;;;;;;;;;;;;;;;;
17136;# sent = 1273;;;;;;;;;;;;;;;;
17137;# speaker = М;;;;;;;;;;;;;;;;
17138;# sent = 1274;;;;;;;;;;;;;;;;
17139;;Вот;ВОТ;PART;;;   _Вот_ и даже купила;т;о;в;;;;PART;ВОТ;PART;Т
17140;;и;И;CONJ;;;  Вот _и_ даже купила как;и;;;;;;CONJ;И;CONJ;И
17141;;даже;ДАЖЕ;PART;;; Вот и _даже_ купила как последний;е;ж;а;д;;;PART;ДАЖЕ;PART;Е
17142;;купила;КУПИТЬ;V pf praet sg indic f -;;;Вот и даже _купила_ как последний дурак;а;л;и;п;у;к;V;КУПИТЬ;V pf praet sg indic f -;Ь
17143;;как;КАК;CONJ;;;и даже купила _как_ последний дурак мангу;к;а;к;;;;CONJ;КАК;CONJ;К
17144;;последний;ПОСЛЕДНИЙ;A - nom sg plen m -;;;даже купила как _последний_ дурак мангу ;й;и;н;д;е;л;A;ПОСЛЕДНИЙ;A - nom sg plen m -;Й
17145;;дурак;ДУРАК;S m anim nom sg;;;купила как последний _дурак_ мангу  ;к;а;р;у;д;;S;ДУРАК;S m anim nom sg;К
17146;;мангу;МАНГА;S f inan acc sg;;;как последний дурак _мангу_   ;у;г;н;а;м;;S;МАНГА;S m anim acc sg;А
17147;;;;;;;;;;;;;;;;;
17148;# sent = 1275;;;;;;;;;;;;;;;;
17149;# speaker = М;;;;;;;;;;;;;;;;
17150;# sent = 1276;;;;;;;;;;;;;;;;
17151;;Там;ТАМ;ADV -;;;   _Там_ типо отдельная история;м;а;т;;;;ADV;ТАМ;ADV -;М
17152;;типо;ТИПО;PART;;;  Там _типо_ отдельная история про;о;п;и;т;;;PART;ТИПО;PART;О
17153;;отдельная;ОТДЕЛЬНЫЙ;A - nom sg plen f -;;; Там типо _отдельная_ история про котов;я;а;н;ь;л;е;A;ОТДЕЛЬНЫЙ;A - nom sg plen f -;Й
17154;;история;ИСТОРИЯ;S f inan nom sg;;;Там типо отдельная _история_ про котов других;я;и;р;о;т;с;S;ИСТОРИЯ;S f inan nom sg;Я
17155;;про;ПРО;PR;;;типо отдельная история _про_ котов других ,;о;р;п;;;;PR;ПРО;PR;О
17156;;котов;КОТ;S m anim acc pl;;;отдельная история про _котов_ других , в;в;о;т;о;к;;S;КОТ;S m anim gen pl;Т
17157;;других;ДРУГОЙ;A - gen pl plen - -;;;история про котов _других_ , в общем;х;и;г;у;р;д;A;ДРУГОЙ;A - gen pl plen - -;Й
17158;;,;,;PUNCT;;;;;;;;;;PUNCT;;;
17159;;в;В;PR;;;котов других , _в_ общем , типо;в;;;;;;PR;В;PR;В
17160;;общем;ОБЩИЙ;A - loc sg plen m -;;;других , в _общем_ , типо как;м;е;щ;б;о;;A;ОБЩИЙ;A - loc sg plen m -;Й
17161;;,;,;PUNCT;;;;;;;;;;PUNCT;;;
17162;;типо;ТИПО;PART;;;в общем , _типо_ как , не;о;п;и;т;;;PART;ТИПО;PART;О
17163;;как;КАК;CONJ;;;общем , типо _как_ , не знаю;к;а;к;;;;CONJ;КАК;CONJ;К
17164;;,;,;PUNCT;;;;;;;;;;PUNCT;;;
17165;;не;НЕ;PART;;;типо как , _не_ знаю как это;е;н;;;;;PART;НЕ;PART;Е
17166;;знаю;ЗНАТЬ;V ipf praes sg indic - 1p;;;как , не _знаю_ как это называется;ю;а;н;з;;;V;ЗНАТЬ;V ipf praes sg indic - 1p;Ь
17167;;как;КАК;CONJ;;;, не знаю _как_ это называется ;к;а;к;;;;CONJ;КАК;CONJ;К
17168;;это;ЭТО;SPRO n - nom sg;;;не знаю как _это_ называется  ;о;т;э;;;;SPRO;ЭТО;S n - nom sg;О
17169;;называется;НАЗЫВАТЬСЯ;V ipf praes sg indic - 3p;;;знаю как это _называется_   ;я;с;т;е;а;в;V;НАЗЫВАТЬСЯ;V ipf praes sg indic - 3p;Я
17170;;;;;;;;;;;;;;;;;
17171;# sent = 1277;;;;;;;;;;;;;;;;
17172;# speaker = М;;;;;;;;;;;;;;;;
17173;# sent = 1278;;;;;;;;;;;;;;;;
17174;;Не;НЕ;PART;;;   _Не_ сиквел , не;е;н;;;;;PART;НЕ;PART;Е
17175;;сиквел;СИКВЕЛ;S m inan nom sg;new;;  Не _сиквел_ , не приквел;л;е;в;к;и;с;S;СИКВЕЛ;S m inan nom sg;Л
17176;;,;,;PUNCT;;;;;;;;;;PUNCT;;;
17177;;не;НЕ;PART;;;Не сиквел , _не_ приквел , ну;е;н;;;;;PART;НЕ;PART;Е
17178;;приквел;ПРИКВЕЛ;S m inan nom sg;;;сиквел , не _приквел_ , ну короче;л;е;в;к;и;р;S;ПРИКВЕЛ;S m inan acc sg;Л
17179;;,;,;PUNCT;;;;;;;;;;PUNCT;;;
17180;;ну;НУ;PART;;;не приквел , _ну_ короче в общем;у;н;;;;;PART;НУ;PART;У
17181;;короче;КОРОЧЕ;ADV comp;;;приквел , ну _короче_ в общем ;е;ч;о;р;о;к;ADV;КОРОЧЕ;ADV comp;Е
17182;;в;В;PR;;;, ну короче _в_ общем  ;в;;;;;;PR;В;PR;В
17183;;общем;ОБЩИЙ;A - loc sg plen m -;;;ну короче в _общем_   ;м;е;щ;б;о;;A;ОБЩИЙ;A - loc sg plen m -;Й
17184;;;;;;;;;;;;;;;;;
17185;# sent = 1279;;;;;;;;;;;;;;;;
17186;# speaker = А;;;;;;;;;;;;;;;;
17187;# sent = 1280;;;;;;;;;;;;;;;;
17188;;Спиноф;СПИНОФ;S m inan nom sg;new;;   _Спиноф_   ;ф;о;н;и;п;с;S;СПИНОФ;S m inan nom sg;Ф
17189;;;;;;;;;;;;;;;;;
17190;# sent = 1281;;;;;;;;;;;;;;;;
17191;# speaker = М;;;;;;;;;;;;;;;;
17192;# sent = 1282;;;;;;;;;;;;;;;;
17193;;Да;ДА;PART;;;   _Да_ , спиноф ,;а;д;;;;;PART;ДА;PART;А
17194;;,;,;PUNCT;;;;;;;;;;PUNCT;;;
17195;;спиноф;СПИНОФ;S m inan nom sg;new;; Да , _спиноф_ , вот ;ф;о;н;и;п;с;S;СПИНОФ;S f inan nom sg;Ф
17196;;,;,;PUNCT;;;;;;;;;;PUNCT;;;
17197;;вот;ВОТ;PART;;;, спиноф , _вот_   ;т;о;в;;;;PART;ВОТ;PART;Т
17198;;;;;;;;;;;;;;;;;
17199;# sent = 1283;;;;;;;;;;;;;;;;
17200;# speaker = М;;;;;;;;;;;;;;;;
17201;# sent = 1284;;;;;;;;;;;;;;;;
17202;;нет;НЕТ;PART;;;   _нет_ , у нас;т;е;н;;;;PART;НЕТ;PART;Т
17203;;,;,;PUNCT;;;;;;;;;;PUNCT;;;
17204;;у;У;PR;;; нет , _у_ нас аэропорт далеко;у;;;;;;PR;У;PR;У
17205;;нас;МЫ;SPRO pl 1p - gen;;;нет , у _нас_ аэропорт далеко ,;с;а;н;;;;SPRO;МЫ;SPRO pl 1p - loc;Ы
17206;;аэропорт;АЭРОПОРТ;S m inan nom sg;;;, у нас _аэропорт_ далеко , типо;т;р;о;п;о;р;S;АЭРОПОРТ;S m inan acc sg;Т
17207;;далеко;ДАЛЕКО;ADV -;;;у нас аэропорт _далеко_ , типо на;о;к;е;л;а;д;ADV;ДАЛЕКО;ADV -;О
17208;;,;,;PUNCT;;;;;;;;;;PUNCT;;;
17209;;типо;ТИПО;PART;;;аэропорт далеко , _типо_ на окраине города;о;п;и;т;;;PART;ТИПО;PART;О
17210;;на;НА;PR;;;далеко , типо _на_ окраине города ,;а;н;;;;;PR;НА;PR;А
17211;;окраине;ОКРАИНА;S f inan loc sg;;;, типо на _окраине_ города , я;е;н;и;а;р;к;S;ОКРАИНА;S f inan loc sg;А
17212;;города;ГОРОД;S m inan gen sg;;;типо на окраине _города_ , я живу;а;д;о;р;о;г;S;ГОРОД;S m inan gen sg;Д
17213;;,;,;PUNCT;;;;;;;;;;PUNCT;;;
17214;;я;Я;SPRO sg 1p - nom;;;окраине города , _я_ живу в центре;я;;;;;;SPRO;Я;SPRO sg 1p - nom;Я
17215;;живу;ЖИТЬ;V ipf praes sg indic - 1p;;;города , я _живу_ в центре ,;у;в;и;ж;;;V;ЖИТЬ;V ipf praes sg indic - 1p;Ь
17216;;в;В;PR;;;, я живу _в_ центре , а;в;;;;;;PR;В;PR;В
17217;;центре;ЦЕНТР;S m inan loc sg;;;я живу в _центре_ , а я;е;р;т;н;е;ц;S;ЦЕНТР;S m inan loc sg;Р
17218;;,;,;PUNCT;;;;;;;;;;PUNCT;;;
17219;;а;А;CONJ;;;в центре , _а_ я всё время;а;;;;;;CONJ;А;CONJ;А
17220;;я;Я;SPRO sg 1p - nom;;;центре , а _я_ всё время гуляла;я;;;;;;SPRO;Я;SPRO sg 1p - nom;Я
17221;;всё;ВЕСЬ;APRO - nom pl plen - -;;;, а я _всё_ время гуляла вот;ё;с;в;;;;APRO;ВЕСЬ;A - nom pl plen - -;Ь
17222;;время;ВРЕМЯ;S n inan acc sg;;;а я всё _время_ гуляла вот в;я;м;е;р;в;;S;ВРЕМЯ;S n inan acc sg;Я
17223;;гуляла;ГУЛЯТЬ;V ipf praet sg indic f -;;;я всё время _гуляла_ вот в парке;а;л;я;л;у;г;V;ГУЛЯТЬ;V ipf praet sg indic f -;Ь
17224;;вот;ВОТ;PART;;;всё время гуляла _вот_ в парке ,;т;о;в;;;;PART;ВОТ;PART;Т
17225;;в;В;PR;;;время гуляла вот _в_ парке , у;в;;;;;;PR;В;PR;В
17226;;парке;ПАРК;S m inan loc sg;;;гуляла вот в _парке_ , у нас;е;к;р;а;п;;S;ПАРК;S m inan loc sg;К
17227;;,;,;PUNCT;;;;;;;;;;PUNCT;;;
17228;;у;У;PR;;;в парке , _у_ нас был парк;у;;;;;;PR;У;PR;У
17229;;нас;МЫ;SPRO pl 1p - gen;;;парке , у _нас_ был парк Свердлова;с;а;н;;;;SPRO;МЫ;SPRO pl 1p - loc;Ы
17230;;был;БЫТЬ;V ipf praet sg indic m -;;;, у нас _был_ парк Свердлова такой;л;ы;б;;;;V;БЫТЬ;V ipf praet sg indic m -;Ь
17231;;парк;ПАРК;S m inan nom sg;;;у нас был _парк_ Свердлова такой маленький;к;р;а;п;;;S;ПАРК;S m inan acc sg;К
17232;;Свердлова;СВЕРДЛОВ;S m anim gen sg;;;нас был парк _Свердлова_ такой маленький ;а;в;о;л;д;р;S;СВЕРДЛОВ;S m anim gen sg;В
17233;;такой;ТАКОЙ;APRO - nom sg plen m -;;;был парк Свердлова _такой_ маленький  ;й;о;к;а;т;;APRO;ТАКОЙ;A - nom sg plen m -;Й
17234;;маленький;МАЛЕНЬКИЙ;A - nom sg plen m -;;;парк Свердлова такой _маленький_   ;й;и;к;ь;н;е;A;МАЛЕНЬКИЙ;A - nom sg plen m -;Й
17235;;;;;;;;;;;;;;;;;
17236;# sent = 1285;;;;;;;;;;;;;;;;
17237;# speaker = М;;;;;;;;;;;;;;;;
17238;# sent = 1286;;;;;;;;;;;;;;;;
17239;;И;И;CONJ;;;   _И_ я помню ,;и;;;;;;CONJ;И;CONJ;И
17240;;я;Я;SPRO sg 1p - nom;;;  И _я_ помню , ну;я;;;;;;SPRO;Я;SPRO sg 1p - nom;Я
17241;;помню;ПОМНИТЬ;V ipf praes sg indic - 1p;;; И я _помню_ , ну там;ю;н;м;о;п;;V;ПОМНИТЬ;V ipf praes sg indic - 1p;Ь
17242;;,;,;PUNCT;;;;;;;;;;PUNCT;;;
17243;;ну;НУ;PART;;;я помню , _ну_ там сменилось уже;у;н;;;;;PART;НУ;PART;У
17244;;там;ТАМ;ADV -;;;помню , ну _там_ сменилось уже несколько;м;а;т;;;;ADV;ТАМ;ADV -;М
17245;;сменилось;СМЕНИТЬСЯ;V pf praet sg indic n -;;;, ну там _сменилось_ уже несколько этих;ь;с;о;л;и;н;V;СМЕНИТЬСЯ;V pf praet sg indic n -;Я
17246;;уже;УЖЕ;ADV -;;;ну там сменилось _уже_ несколько этих поколений;е;ж;у;;;;ADV;УЖЕ;ADV -;Е
17247;;несколько;НЕСКОЛЬКО;NUM - - -;;;там сменилось уже _несколько_ этих поколений детских;о;к;ь;л;о;к;NUM;НЕСКОЛЬКО;NUM - - -;О
17248;;этих;ЭТОТ;APRO - gen pl plen - -;;;сменилось уже несколько _этих_ поколений детских каруселек;х;и;т;э;;;APRO;ЭТОТ;A - gen pl plen - -;Т
17249;;поколений;ПОКОЛЕНИЕ;S n inan gen pl;;;уже несколько этих _поколений_ детских каруселек всяких;й;и;н;е;л;о;S;ПОКОЛЕНИЕ;S n inan gen pl;Е
17250;;детских;ДЕТСКИЙ;A - gen pl plen - -;;;несколько этих поколений _детских_ каруселек всяких ;х;и;к;с;т;е;A;ДЕТСКИЙ;A - gen pl plen - -;Й
17251;;каруселек;КАРУСЕЛьКА;S f inan gen pl;;;этих поколений детских _каруселек_ всяких  ;к;е;л;е;с;у;S;КАРУСЕЛЕК;S f inan gen pl;А
17252;;всяких;ВСЯКИЙ;A - gen pl plen - -;;;поколений детских каруселек _всяких_   ;х;и;к;я;с;в;A;ВСЯКИЙ;A - gen pl plen - -;Й
17253;;;;;;;;;;;;;;;;;
17254;# sent = 1287;;;;;;;;;;;;;;;;
17255;# speaker = М;;;;;;;;;;;;;;;;
17256;# sent = 1288;;;;;;;;;;;;;;;;
17257;;Типо;ТИПО;PART;;;   _Типо_ перед избранием там;о;п;и;т;;;PART;ТИПО;PART;О
17258;;перед;ПЕРЕД;PR;;;  Типо _перед_ избранием там нового;д;е;р;е;п;;PR;ПЕРЕД;PR;Д
17259;;избранием;ИЗБРАНИЕ;S n inan ins sg;;; Типо перед _избранием_ там нового мэра;м;е;и;н;а;р;S;ИЗБРАНИЕ;S n inan ins sg;Е
17260;;там;ТАМ;ADV -;;;Типо перед избранием _там_ нового мэра у;м;а;т;;;;ADV;ТАМ;ADV -;М
17261;;нового;НОВЫЙ;A - gen sg plen m -;;;перед избранием там _нового_ мэра у нас;о;г;о;в;о;н;A;НОВЫЙ;A - gen sg plen m -;Й
17262;;мэра;МЭР;S m anim gen sg;;;избранием там нового _мэра_ у нас появляются;а;р;э;м;;;S;МЭР;S m anim gen sg;Р
17263;;у;У;PR;;;там нового мэра _у_ нас появляются новые;у;;;;;;PR;У;PR;У
17264;;нас;МЫ;SPRO pl 1p - gen;;;нового мэра у _нас_ появляются новые хорошие;с;а;н;;;;SPRO;МЫ;SPRO pl 1p - loc;Ы
17265;;появляются;ПОЯВЛЯТЬСЯ;V ipf praes pl indic - 3p;;;мэра у нас _появляются_ новые хорошие качельки;я;с;т;ю;я;л;V;ПОЯВЛЯТЬСЯ;V ipf praes pl indic - 3p;Я
17266;;новые;НОВЫЙ;A - nom pl plen - -;;;у нас появляются _новые_ хорошие качельки ,;е;ы;в;о;н;;A;НОВЫЙ;A - nom pl plen - -;Й
17267;;хорошие;ХОРОШИЙ;A - nom pl plen - -;;;нас появляются новые _хорошие_ качельки , карусельки;е;и;ш;о;р;о;A;ХОРОШИЙ;A - nom pl plen - -;Й
17268;;качельки;КАЧЕЛЬКИ;S f inan nom pl;;;появляются новые хорошие _качельки_ , карусельки ,;и;к;ь;л;е;ч;S;КАЧЕЛЬКА;S m anim nom pl;И
17269;;,;,;PUNCT;;;;;;;;;;PUNCT;;;
17270;;карусельки;КАРУСЕЛЕК;S m inan nom pl;;;хорошие качельки , _карусельки_ , которые потом;и;к;ь;л;е;с;S;КАРУСЕЛЕК;S m inan acc pl;К
17271;;,;,;PUNCT;;;;;;;;;;PUNCT;;;
17272;;которые;КОТОРЫЙ;APRO - nom pl plen - -;;;, карусельки , _которые_ потом ломаются ;е;ы;р;о;т;о;APRO;КОТОРЫЙ;A - nom pl plen - -;Й
17273;;потом;ПОТОМ;ADV -;;;карусельки , которые _потом_ ломаются  ;м;о;т;о;п;;ADV;ПОТОМ;ADV -;М
17274;;ломаются;ЛОМАТЬСЯ;V ipf praes pl indic - 3p;;;, которые потом _ломаются_   ;я;с;т;ю;а;м;V;ЛОМАТЬСЯ;V ipf praes pl indic - 3p;Я
17275;;;;;;;;;;;;;;;;;
17276;# sent = 1289;;;;;;;;;;;;;;;;
17277;# speaker = М;;;;;;;;;;;;;;;;
17278;# sent = 1290;;;;;;;;;;;;;;;;
17279;;Вот;ВОТ;PART;;;   _Вот_ и я даже;т;о;в;;;;PART;ВОТ;PART;Т
17280;;и;И;CONJ;;;  Вот _и_ я даже помню;и;;;;;;CONJ;И;CONJ;И
17281;;я;Я;SPRO sg 1p - nom;;; Вот и _я_ даже помню ,;я;;;;;;SPRO;Я;SPRO sg 1p - nom;Я
17282;;даже;ДАЖЕ;PART;;;Вот и я _даже_ помню , как;е;ж;а;д;;;PART;ДАЖЕ;PART;Е
17283;;помню;ПОМНИТЬ;V ipf praes sg indic - 1p;;;и я даже _помню_ , как видела;ю;н;м;о;п;;V;ПОМНИТЬ;V ipf praes sg indic - 1p;Ь
17284;;,;,;PUNCT;;;;;;;;;;PUNCT;;;
17285;;как;КАК;CONJ;;;даже помню , _как_ видела ну вот;к;а;к;;;;CONJ;КАК;CONJ;К
17286;;видела;ВИДЕТЬ;V ipf praet sg indic f -;;;помню , как _видела_ ну вот эту;а;л;е;д;и;в;V;ВИДЕТЬ;V ipf praet sg indic f -;Ь
17287;;ну;НУ;PART;;;, как видела _ну_ вот эту как раз;у;н;;;;;PART;НУ;PART;У
17288;;вот;ВОТ;PART;;;как видела ну _вот_ эту как раз качель;т;о;в;;;;PART;ВОТ;PART;Т
17289;;эту;ЭТОТ;APRO - acc sg plen f -;;;видела ну вот _эту_ как раз качель во время;у;т;э;;;;APRO;ЭТОТ;A - acc sg plen f -;Т
17290;;как раз;как раз;ADV -;;;ну вот эту _как раз_ качель во время какого-то;з;а;р; ;к;а;ADV;как раз;ADV -;з
17291;;качель;КАЧЕЛЬ;S f inan acc sg;;;вот эту как раз _качель_ во время какого-то ливня;ь;л;е;ч;а;к;S;КАЧЕЛЬ;S f inan acc sg;Ь
17292;;во время;во время;PR;;;эту как раз качель _во время_ какого-то ливня или;я;м;е;р;в; ;PR;во время;PR;я
17293;;какого-то;КАКОЙ-ТО;APRO - gen sg plen m -;;;как раз качель во время _какого-то_ ливня или шторма;о;т;-;о;г;о;APRO;КАКОЙ-ТО;A - gen sg plen m -;О
17294;;ливня;ЛИВЕНЬ;S m inan gen sg;;;качель во время какого-то _ливня_ или шторма ,;я;н;в;и;л;;S;ЛИВЕНЬ;S m inan gen sg;Ь
17295;;или;ИЛИ;CONJ;;;во время какого-то ливня _или_ шторма , что-то;и;л;и;;;;CONJ;ИЛИ;CONJ;И
17296;;шторма;ШТОРМ;S m inan gen sg;;;какого-то ливня или _шторма_ , что-то такое;а;м;р;о;т;ш;S;ШТОРМ;S m inan gen sg;М
17297;;,;,;PUNCT;;;;;;;;;;PUNCT;;;
17298;;что-то;ЧТО-ТО;SPRO n inan nom sg;;;или шторма , _что-то_ такое , упало;о;т;-;о;т;ч;SPRO;ЧТО-ТО;S n - nom sg;О
17299;;такое;ТАКОЙ;APRO - nom sg plen n -;;;шторма , что-то _такое_ , упало дерево;е;о;к;а;т;;APRO;ТАКОЙ;A - nom sg plen n -;Й
17300;;,;,;PUNCT;;;;;;;;;;PUNCT;;;
17301;;упало;УПАСТЬ;V pf praet sg indic n -;;;что-то такое , _упало_ дерево , вот;о;л;а;п;у;;V;УПАСТЬ;V pf praet sg indic n -;Ь
17302;;дерево;ДЕРЕВО;S n inan nom sg;;;такое , упало _дерево_ , вот ,;о;в;е;р;е;д;S;ДЕРЕВО;S n inan nom sg;О
17303;;,;,;PUNCT;;;;;;;;;;PUNCT;;;
17304;;вот;ВОТ;PART;;;упало дерево , _вот_ , и она;т;о;в;;;;PART;ВОТ;PART;Т
17305;;,;,;PUNCT;;;;;;;;;;PUNCT;;;
17306;;и;И;CONJ;;;, вот , _и_ она вот так;и;;;;;;CONJ;И;CONJ;И
17307;;она;ОНА;SPRO sg 3p f nom;;;вот , и _она_ вот так погнулась;а;н;о;;;;SPRO;ОНА;SPRO sg 3p f nom;А
17308;;вот;ВОТ;PART;;;, и она _вот_ так погнулась ;т;о;в;;;;PART;ВОТ;PART;Т
17309;;так;ТАК;ADV -;;;и она вот _так_ погнулась  ;к;а;т;;;;ADV;ТАК;ADV -;К
17310;;погнулась;ПОГНУТЬСЯ;V pf praet sg indic f -;;;она вот так _погнулась_   ;ь;с;а;л;у;н;V;ПОГНУТЬСЯ;V pf praet sg indic f -;Я
17311;;;;;;;;;;;;;;;;;
17312;# sent = 1291;;;;;;;;;;;;;;;;
17313;# speaker = М;;;;;;;;;;;;;;;;
17314;# sent = 1292;;;;;;;;;;;;;;;;
17315;;Мы;МЫ;SPRO pl 1p - nom;;;   _Мы_ всё равно потом;ы;м;;;;;SPRO;МЫ;SPRO pl 1p - nom;Ы
17316;;всё;ВСЁ;S n - nom sg;;;  Мы _всё_ равно потом на;ё;с;в;;;;S;ВСЕ;S n - nom sg;Ё
17317;;равно;РАВНЫЙ;A - - sg brev n -;;; Мы всё _равно_ потом на ней;о;н;в;а;р;;A;РАВНЫЙ;A - - sg brev n -;Й
17318;;потом;ПОТОМ;ADV -;;;Мы всё равно _потом_ на ней катались;м;о;т;о;п;;ADV;ПОТОМ;ADV -;М
17319;;на;НА;PR;;;всё равно потом _на_ ней катались ,;а;н;;;;;PR;НА;PR;А
17320;;ней;ОНА;SPRO sg 3p f loc;;;равно потом на _ней_ катались , потом;й;е;н;;;;SPRO;ОНА;SPRO sg 3p f loc;А
17321;;катались;КАТАТЬСЯ;V ipf praet pl indic - -;;;потом на ней _катались_ , потом уже;ь;с;и;л;а;т;V;КАТАТЬСЯ;V ipf praet pl indic - -;Я
17322;;,;,;PUNCT;;;;;;;;;;PUNCT;;;
17323;;потом;ПОТОМ;ADV -;;;ней катались , _потом_ уже там ну;м;о;т;о;п;;ADV;ПОТОМ;ADV -;М
17324;;уже;УЖЕ;ADV -;;;катались , потом _уже_ там ну оборвали;е;ж;у;;;;ADV;УЖЕ;ADV -;Е
17325;;там;ТАМ;ADV -;;;, потом уже _там_ ну оборвали вот;м;а;т;;;;ADV;ТАМ;ADV -;М
17326;;ну;НУ;PART;;;потом уже там _ну_ оборвали вот эти;у;н;;;;;PART;НУ;PART;У
17327;;оборвали;ОБОРВАТЬ;V pf praet pl indic - -;;;уже там ну _оборвали_ вот эти вот;и;л;а;в;р;о;V;ОБОРВАТЬ;V pf praet pl indic - -;Ь
17328;;вот;ВОТ;PART;;;там ну оборвали _вот_ эти вот сами;т;о;в;;;;PART;ВОТ;PART;Т
17329;;эти;ЭТОТ;APRO - acc pl plen - -;;;ну оборвали вот _эти_ вот сами сиденья;и;т;э;;;;APRO;ЭТОТ;A - nom pl plen - -;Т
17330;;вот;ВОТ;PART;;;оборвали вот эти _вот_ сами сиденья для;т;о;в;;;;PART;ВОТ;PART;Т
17331;;сами;САМ;A - acc pl plen - -;;;вот эти вот _сами_ сиденья для качели;и;м;а;с;;;A;САМ;A - nom pl plen - -;М
17332;;сиденья;СИДЕНЬЕ;S n inan nom pl;;;эти вот сами _сиденья_ для качели ,;я;ь;н;е;д;и;S;СИДЕНЬЕ;S n inan nom pl;Е
17333;;для;ДЛЯ;PR;;;вот сами сиденья _для_ качели , мы;я;л;д;;;;PR;ДЛЯ;PR;Я
17334;;качели;КАЧЕЛИ;S - inan gen pl;;;сами сиденья для _качели_ , мы просто;и;л;е;ч;а;к;S;КАЧЕЛИ;S - inan acc pl;И
17335;;,;,;PUNCT;;;;;;;;;;PUNCT;;;
17336;;мы;МЫ;SPRO pl 1p - nom;;;для качели , _мы_ просто катались на;ы;м;;;;;SPRO;МЫ;SPRO pl 1p - nom;Ы
17337;;просто;ПРОСТО;PART;;;качели , мы _просто_ катались на цепях;о;т;с;о;р;п;PART;ПРОСТО;PART;О
17338;;катались;КАТАТЬСЯ;V ipf praet pl indic - -;;;, мы просто _катались_ на цепях и;ь;с;и;л;а;т;V;КАТАТЬСЯ;V ipf praet pl indic - -;Я
17339;;на;НА;PR;;;мы просто катались _на_ цепях и вот;а;н;;;;;PR;НА;PR;А
17340;;цепях;ЦЕПЬ;S f inan loc pl;;;просто катались на _цепях_ и вот ;х;я;п;е;ц;;S;ЦЕПЬ;S f inan loc pl;Ь
17341;;и;И;CONJ;;;катались на цепях _и_ вот  ;и;;;;;;CONJ;И;CONJ;И
17342;;вот;ВОТ;PART;;;на цепях и _вот_   ;т;о;в;;;;PART;ВОТ;PART;Т
17343;;;;;;;;;;;;;;;;;
17344;# sent = 1293;;;;;;;;;;;;;;;;
17345;# speaker = М;;;;;;;;;;;;;;;;
17346;# sent = 1294;;;;;;;;;;;;;;;;
17347;;Еще;ЕЩЕ;ADV -;;;   _Еще_ там была такая;е;щ;е;;;;ADV;ЕЩЕ;ADV -;Е
17348;;там;ТАМ;ADV -;;;  Еще _там_ была такая ...;м;а;т;;;;ADV;ТАМ;ADV -;М
17349;;была;БЫТЬ;V ipf praet sg indic f -;;; Еще там _была_ такая ... городок;а;л;ы;б;;;V;БЫТЬ;V ipf praet sg indic f -;Ь
17350;;такая;ТАКОЙ;APRO - nom sg plen f -;;;Еще там была _такая_ ... городок такой;я;а;к;а;т;;APRO;ТАКОЙ;A - nom sg plen f -;Й
17351;;...;...;PUNCT;;;;;;;;;;PUNCT;;;
17352;;городок;ГОРОДОК;S m inan nom sg;;;была такая ... _городок_ такой детский на;к;о;д;о;р;о;S;ГОРОДОК;S m inan nom sg;К
17353;;такой;ТАКОЙ;APRO - nom sg plen m -;;;такая ... городок _такой_ детский на высоких;й;о;к;а;т;;APRO;ТАКОЙ;A - nom sg plen m -;Й
17354;;детский;ДЕТСКИЙ;A - nom sg plen m -;;;... городок такой _детский_ на высоких таких;й;и;к;с;т;е;A;ДЕТСКИЙ;A - nom sg plen m -;Й
17355;;на;НА;PR;;;городок такой детский _на_ высоких таких сваях;а;н;;;;;PR;НА;PR;А
17356;;высоких;ВЫСОКИЙ;A - loc pl plen - -;;;такой детский на _высоких_ таких сваях ;х;и;к;о;с;ы;A;ВЫСОКИЙ;A - loc pl plen - -;Й
17357;;таких;ТАКОЙ;APRO - loc pl plen - -;;;детский на высоких _таких_ сваях  ;х;и;к;а;т;;APRO;ТАКОЙ;A - loc pl plen - -;Й
17358;;сваях;СВАЯ;S f inan loc pl;;;на высоких таких _сваях_   ;х;я;а;в;с;;S;СВАЯ;S f inan loc pl;Я
17359;;;;;;;;;;;;;;;;;
17360;# sent = 1295;;;;;;;;;;;;;;;;
17361;# speaker = М;;;;;;;;;;;;;;;;
17362;# sent = 1296;;;;;;;;;;;;;;;;
17363;;Вот;ВОТ;PART;;;   _Вот_ иии , ну;т;о;в;;;;PART;ВОТ;PART;Т
17364;;иии;И;CONJ;distort;;  Вот _иии_ , ну мелких;и;и;и;;;;CONJ;ИИИ;S f anim nom sg;И
17365;;,;,;PUNCT;;;;;;;;;;PUNCT;;;
17366;;ну;НУ;PART;;;Вот иии , _ну_ мелких детей туда;у;н;;;;;PART;НУ;PART;У
17367;;мелких;МЕЛКИЙ;A - gen pl plen - -;;;иии , ну _мелких_ детей туда мамы;х;и;к;л;е;м;A;МЕЛКИЙ;A - gen pl plen - -;Й
17368;;детей;РЕБЕНОК;S m anim acc pl;;;, ну мелких _детей_ туда мамы не;й;е;т;е;д;;S;РЕБЕНОК;S m anim gen pl;К
17369;;туда;ТУДА;ADV -;;;ну мелких детей _туда_ мамы не пускали;а;д;у;т;;;ADV;ТУДА;ADV -;А
17370;;мамы;МАМА;S f anim nom pl;;;мелких детей туда _мамы_ не пускали ,;ы;м;а;м;;;S;МАМА;S f anim nom pl;А
17371;;не;НЕ;PART;;;детей туда мамы _не_ пускали , мы;е;н;;;;;PART;НЕ;PART;Е
17372;;пускали;ПУСКАТЬ;V ipf praet pl indic - -;;;туда мамы не _пускали_ , мы уже;и;л;а;к;с;у;V;ПУСКАТЬ;V ipf praet pl indic - -;Ь
17373;;,;,;PUNCT;;;;;;;;;;PUNCT;;;
17374;;мы;МЫ;SPRO pl 1p - nom;;;не пускали , _мы_ уже были такие;ы;м;;;;;SPRO;МЫ;SPRO pl 1p - nom;Ы
17375;;уже;УЖЕ;ADV -;;;пускали , мы _уже_ были такие большие;е;ж;у;;;;ADV;УЖЕ;ADV -;Е
17376;;были;БЫТЬ;V ipf praet pl indic - -;;;, мы уже _были_ такие большие для;и;л;ы;б;;;V;БЫТЬ;V ipf praet pl indic - -;Ь
17377;;такие;ТАКОЙ;APRO - nom pl plen - -;;;мы уже были _такие_ большие для детской;е;и;к;а;т;;APRO;ТАКОЙ;A - nom pl plen - -;Й
17378;;большие;БОЛЬШОЙ;A - nom pl plen - -;;;уже были такие _большие_ для детской площадки;е;и;ш;ь;л;о;A;БОЛЬШОЙ;A - nom pl plen - -;Й
17379;;для;ДЛЯ;PR;;;были такие большие _для_ детской площадки ,;я;л;д;;;;PR;ДЛЯ;PR;Я
17380;;детской;ДЕТСКИЙ;A - gen sg plen f -;;;такие большие для _детской_ площадки , мы;й;о;к;с;т;е;A;ДЕТСКИЙ;A - gen sg plen f -;Й
17381;;площадки;ПЛОЩАДКА;S f inan gen sg;;;большие для детской _площадки_ , мы там;и;к;д;а;щ;о;S;ПЛОЩАДКА;S f inan gen sg;А
17382;;,;,;PUNCT;;;;;;;;;;PUNCT;;;
17383;;мы;МЫ;SPRO pl 1p - nom;;;детской площадки , _мы_ там играли всё;ы;м;;;;;SPRO;МЫ;SPRO pl 1p - nom;Ы
17384;;там;ТАМ;ADV -;;;площадки , мы _там_ играли всё время;м;а;т;;;;ADV;ТАМ;ADV -;М
17385;;играли;ИГРАТЬ;V ipf praet pl indic - -;;;, мы там _играли_ всё время ;и;л;а;р;г;и;V;ИГРАТЬ;V ipf praet pl indic - -;Ь
17386;;всё;ВЕСЬ;S n - acc sg;;;мы там играли _всё_ время  чёто;ё;с;в;;;;S;ВСЕ;S n - acc sg;Ь
17387;;время;ВРЕМЯ;S n inan acc sg;;;там играли всё _время_  чёто ;я;м;е;р;в;;S;ВРЕМЯ;S n inan acc sg;Я
17388;"<distinct form=""";;;;;;;;;;;;;;;;
17389;<dist>;чёто;;;;;;;;;;;;;;;
17390;""">";;;;;;;;;;;;;;;;
17391;;что-то;ЧТО-ТО;SPRO n inan acc sg;;;" чёто  _что-то_  в """;о;т;-;о;т;ч;SPRO;ЧТО-ТО;S n - acc sg;О
17392;</distinct>;;;;;;;;;;;;;;;;
17393;;в;В;PR;;;" что-то  _в_ "" Стоп земля";в;;;;;;PR;В;S - - nonflex -;В
17394;;"""";"""";PUNCT;;;;;;;;;;PUNCT;;;
17395;;Стоп;СТОП;INTJ;;;" в "" _Стоп_ земля "" ";п;о;т;с;;;INTJ;СТОПА;S f inan gen pl;П
17396;;земля;ЗЕМЛЯ;S f inan nom sg;;;"в "" Стоп _земля_ ""  ";я;л;м;е;з;;S;ЗЕМЛЯ;S f inan nom sg;Я
17397;;"""";"""";PUNCT;;;;;;;;;;PUNCT;;;
17398;;;;;;;;;;;;;;;;;
17399;# sent = 1297;;;;;;;;;;;;;;;;
17400;# speaker = М;;;;;;;;;;;;;;;;
17401;# sent = 1298;;;;;;;;;;;;;;;;
17402;;Вот;ВОТ;PART;;;   _Вот_ еще что-то как-то;т;о;в;;;;PART;ВОТ;PART;Т
17403;;еще;ЕЩЕ;ADV -;;;  Вот _еще_ что-то как-то ,;е;щ;е;;;;ADV;ЕЩЕ;ADV -;Е
17404;;что-то;ЧТО-ТО;SPRO n inan nom sg;;; Вот еще _что-то_ как-то , я;о;т;-;о;т;ч;SPRO;ЧТО-ТО;S n - nom sg;О
17405;;как-то;КАК-ТО;ADV -;;;Вот еще что-то _как-то_ , я не;о;т;-;к;а;к;ADV;КАК-ТО;ADV -;О
17406;;,;,;PUNCT;;;;;;;;;;PUNCT;;;
17407;;я;Я;SPRO sg 1p - nom;;;что-то как-то , _я_ не помню как;я;;;;;;SPRO;Я;SPRO sg 1p - nom;Я
17408;;не;НЕ;PART;;;как-то , я _не_ помню как это;е;н;;;;;PART;НЕ;PART;Е
17409;;помню;ПОМНИТЬ;V ipf praes sg indic - 1p;;;, я не _помню_ как это называлось;ю;н;м;о;п;;V;ПОМНИТЬ;V ipf praes sg indic - 1p;Ь
17410;;как;КАК;CONJ;;;я не помню _как_ это называлось ,;к;а;к;;;;CONJ;КАК;CONJ;К
17411;;это;ЭТО;SPRO n - nom sg;;;не помню как _это_ называлось , ну;о;т;э;;;;SPRO;ЭТО;S n - nom sg;О
17412;;называлось;НАЗЫВАТЬСЯ;V ipf praet sg indic n -;;;помню как это _называлось_ , ну в;ь;с;о;л;а;в;V;НАЗЫВАТЬСЯ;V ipf praet sg indic n -;Я
17413;;,;,;PUNCT;;;;;;;;;;PUNCT;;;
17414;;ну;НУ;PART;;;это называлось , _ну_ в общем ведущий;у;н;;;;;PART;НУ;PART;У
17415;;в;В;PR;;;называлось , ну _в_ общем ведущий закрывал;в;;;;;;PR;В;PR;В
17416;;общем;ОБЩИЙ;A - loc sg plen m -;;;, ну в _общем_ ведущий закрывал глаза;м;е;щ;б;о;;A;ОБЩИЙ;A - loc sg plen m -;Й
17417;;ведущий;ВЕДУЩИЙ;S m anim nom sg;;;ну в общем _ведущий_ закрывал глаза ,;й;и;щ;у;д;е;S;ВЕДУЩИЙ;S m anim nom sg;Й
17418;;закрывал;ЗАКРЫВАТЬ;V ipf praet sg indic m -;;;в общем ведущий _закрывал_ глаза , ходил;л;а;в;ы;р;к;V;ЗАКРЫВАТЬ;V ipf praet sg indic m -;Ь
17419;;глаза;ГЛАЗ;S m inan acc pl;;;общем ведущий закрывал _глаза_ , ходил всех;а;з;а;л;г;;S;ГЛАЗ;S m inan acc pl;З
17420;;,;,;PUNCT;;;;;;;;;;PUNCT;;;
17421;;ходил;ХОДИТЬ;V ipf praet sg indic m -;;;закрывал глаза , _ходил_ всех искал ,;л;и;д;о;х;;V;ХОДИТЬ;V ipf praet sg indic m -;Ь
17422;;всех;ВЕСЬ;APRO - acc pl plen - -;;;глаза , ходил _всех_ искал , мы;х;е;с;в;;;APRO;ВЕСЬ;A - loc pl plen - -;Ь
17423;;искал;ИСКАТЬ;V ipf praet sg indic m -;;;, ходил всех _искал_ , мы пряталась;л;а;к;с;и;;V;ИСКАТЬ;V ipf praet sg indic m -;Ь
17424;;,;,;PUNCT;;;;;;;;;;PUNCT;;;
17425;;мы;МЫ;SPRO pl 1p - nom;;;всех искал , _мы_ пряталась в этой;ы;м;;;;;SPRO;МЫ;SPRO pl 1p - nom;Ы
17426;;пряталась;ПРЯТАТЬСЯ;V ipf praet sg indic f -;;;искал , мы _пряталась_ в этой штуке;ь;с;а;л;а;т;V;ПРЯТАТЬСЯ;V ipf praet sg indic f -;Я
17427;;в;В;PR;;;, мы пряталась _в_ этой штуке и;в;;;;;;PR;В;PR;В
17428;;этой;ЭТОТ;APRO - loc sg plen f -;;;мы пряталась в _этой_ штуке и могли;й;о;т;э;;;APRO;ЭТОТ;A - loc sg plen f -;Т
17429;;штуке;ШТУКА;S f inan loc sg;;;пряталась в этой _штуке_ и могли перебегать;е;к;у;т;ш;;S;ШТУКА;S f inan loc sg;А
17430;;и;И;CONJ;;;в этой штуке _и_ могли перебегать по;и;;;;;;CONJ;И;CONJ;И
17431;;могли;МОЧЬ;V ipf praet pl indic - -;;;этой штуке и _могли_ перебегать по земле;и;л;г;о;м;;V;МОЧЬ;V ipf praet pl indic - -;Ь
17432;;перебегать;ПЕРЕБЕГАТЬ;V ipf - - inf - -;;;штуке и могли _перебегать_ по земле ;ь;т;а;г;е;б;V;ПЕРЕБЕГАТЬ;V ipf - - inf - -;Ь
17433;;по;ПО;PR;;;и могли перебегать _по_ земле  ;о;п;;;;;PR;ПО;PR;О
17434;;земле;ЗЕМЛЯ;S f inan dat sg;;;могли перебегать по _земле_   ;е;л;м;е;з;;S;ЗЕМЛЯ;S f inan loc sg;Я
17435;;;;;;;;;;;;;;;;;
17436;# sent = 1299;;;;;;;;;;;;;;;;
17437;# speaker = М;;;;;;;;;;;;;;;;
17438;# sent = 1300;;;;;;;;;;;;;;;;
17439;;А;А;CONJ;;;   _А_ он мог сказать;а;;;;;;CONJ;А;CONJ;А
17440;;он;ОН;SPRO sg 3p m nom;;;"  А _он_ мог сказать """;н;о;;;;;SPRO;ОН;SPRO sg 3p m nom;Н
17441;;мог;МОЧЬ;V ipf praet sg indic m -;;;" А он _мог_ сказать "" стоп";г;о;м;;;;V;МОЧЬ;V ipf praet sg indic m -;Ь
17442;;сказать;СКАЗАТЬ;V pf - - inf - -;;;"А он мог _сказать_ "" стоп земля";ь;т;а;з;а;к;V;СКАЗАТЬ;V pf - - inf - -;Ь
17443;;"""";"""";PUNCT;;;;;;;;;;PUNCT;;;
17444;;стоп;СТОП;INTJ;;;"мог сказать "" _стоп_ земля "" ,";п;о;т;с;;;INTJ;СТОПА;S f inan gen pl;П
17445;;земля;ЗЕМЛЯ;S f inan nom sg;;;"сказать "" стоп _земля_ "" , и";я;л;м;е;з;;S;ЗЕМЛЯ;S f inan nom sg;Я
17446;;"""";"""";PUNCT;;;;;;;;;;PUNCT;;;
17447;;,;,;PUNCT;;;;;;;;;;PUNCT;;;
17448;;и;И;CONJ;;;"земля "" , _и_ тогда те ,";и;;;;;;CONJ;И;CONJ;И
17449;;тогда;ТОГДА;ADV -;;;""" , и _тогда_ те , кто";а;д;г;о;т;;ADV;ТОГДА;ADV -;А
17450;;те;ТОТ;A - nom pl plen - -;;;, и тогда _те_ , кто были;е;т;;;;;A;ТОТ;A - nom pl plen - -;Т
17451;;,;,;PUNCT;;;;;;;;;;PUNCT;;;
17452;;кто;КТО;SPRO m anim nom sg;;;тогда те , _кто_ были на земле;о;т;к;;;;S;КТО;S m anim nom sg;О
17453;;были;БЫТЬ;V ipf praet pl indic - -;;;те , кто _были_ на земле ,;и;л;ы;б;;;V;БЫТЬ;V ipf praet pl indic - -;Ь
17454;;на;НА;PR;;;, кто были _на_ земле , они;а;н;;;;;PR;НА;PR;А
17455;;земле;ЗЕМЛЯ;S f inan loc sg;;;кто были на _земле_ , они как бы;е;л;м;е;з;;S;ЗЕМЛЯ;S f inan loc sg;Я
17456;;,;,;PUNCT;;;;;;;;;;PUNCT;;;
17457;;они;ОНИ;SPRO pl - - nom;;;на земле , _они_ как бы замаяны ;и;н;о;;;;SPRO;ОНИ;SPRO pl - - nom;И
17458;;как бы;как бы;PART;;;земле , они _как бы_ замаяны  ;ы;б; ;к;а;к;PART;как бы;ADV -;ы
17459;;замаяны;ЗАМАЯТЬ;PARTCP pf praet - pl brev - pass -;;;, они как бы _замаяны_   ;ы;н;я;а;м;а;PARTCP;ЗАМАЯТЬ;PARTCP pf praet - pl brev - pass -;Ь
17460;;;;;;;;;;;;;;;;;
17461;# sent = 1301;;;;;;;;;;;;;;;;
17462;# speaker = М;;;;;;;;;;;;;;;;
17463;# sent = 1302;;;;;;;;;;;;;;;;
17464;;Вот;ВОТ;PART;;;   _Вот_ иии тогда моя;т;о;в;;;;PART;ВОТ;PART;Т
17465;;иии;И;CONJ;distort;;  Вот _иии_ тогда моя подруга;и;и;и;;;;CONJ;ИИИ;S f anim nom sg;И
17466;;тогда;ТОГДА;ADV -;;; Вот иии _тогда_ моя подруга короче;а;д;г;о;т;;ADV;ТОГДА;ADV -;А
17467;;моя;МОЙ;APRO - nom sg plen f -;;;Вот иии тогда _моя_ подруга короче навернулась;я;о;м;;;;APRO;МОЙ;A - nom sg plen f -;Й
17468;;подруга;ПОДРУГА;S f anim nom sg;;;иии тогда моя _подруга_ короче навернулась с;а;г;у;р;д;о;S;ПОДРУГА;S f anim nom sg;А
17469;;короче;КОРОЧЕ;ADV comp;;;тогда моя подруга _короче_ навернулась с этой;е;ч;о;р;о;к;ADV;КОРОЧЕ;ADV comp;Е
17470;;навернулась;НАВЕРНУТЬСЯ;V pf praet sg indic f -;;;моя подруга короче _навернулась_ с этой штуки;ь;с;а;л;у;н;V;НАВЕРНУТЬСЯ;V pf praet sg indic f -;Я
17471;;с;С;PR;;;подруга короче навернулась _с_ этой штуки спиной;с;;;;;;PR;С;PR;С
17472;;этой;ЭТОТ;APRO - gen sg plen f -;;;короче навернулась с _этой_ штуки спиной ,;й;о;т;э;;;APRO;ЭТОТ;A - gen sg plen f -;Т
17473;;штуки;ШТУКА;S f inan gen sg;;;навернулась с этой _штуки_ спиной , она;и;к;у;т;ш;;S;ШТУКА;S f inan gen sg;А
17474;;спиной;СПИНА;S f inan ins sg;;;с этой штуки _спиной_ , она упала;й;о;н;и;п;с;S;СПИНА;S f inan ins sg;А
17475;;,;,;PUNCT;;;;;;;;;;PUNCT;;;
17476;;она;ОНА;SPRO sg 3p f nom;;;штуки спиной , _она_ упала на землю;а;н;о;;;;SPRO;ОНА;SPRO sg 3p f nom;А
17477;;упала;УПАСТЬ;V pf praet sg indic f -;;;спиной , она _упала_ на землю ;а;л;а;п;у;;V;УПАСТЬ;V pf praet sg indic f -;Ь
17478;;на;НА;PR;;;, она упала _на_ землю  ;а;н;;;;;PR;НА;PR;А
17479;;землю;ЗЕМЛЯ;S f inan acc sg;;;она упала на _землю_   ;ю;л;м;е;з;;S;ЗЕМЛЯ;S f inan acc sg;Я
17480;;;;;;;;;;;;;;;;;
17481;# sent = 1303;;;;;;;;;;;;;;;;
17482;# speaker = М;;;;;;;;;;;;;;;;
17483;# sent = 1304;;;;;;;;;;;;;;;;
17484;;Причем;ПРИЧЕМ;CONJ;;;   _Причем_ это был ну;м;е;ч;и;р;п;CONJ;ПРИЧЕМ;CONJ;М
17485;;это;ЭТО;SPRO n - nom sg;;;  Причем _это_ был ну достаточно;о;т;э;;;;SPRO;ЭТО;S n inan acc sg;О
17486;;был;БЫТЬ;V ipf praet sg indic m -;;; Причем это _был_ ну достаточно высоко;л;ы;б;;;;V;БЫТЬ;V ipf praet sg indic m -;Ь
17487;;ну;НУ;PART;;;Причем это был _ну_ достаточно высоко ,;у;н;;;;;PART;НУ;PART;У
17488;;достаточно;ДОСТАТОЧНО;ADV -;;;это был ну _достаточно_ высоко , там;о;н;ч;о;т;а;ADV;ДОСТАТОЧНО;ADV -;О
17489;;высоко;ВЫСОКО;ADV -;;;был ну достаточно _высоко_ , там наверное;о;к;о;с;ы;в;ADV;ВЫСОКО;ADV -;О
17490;;,;,;PUNCT;;;;;;;;;;PUNCT;;;
17491;;там;ТАМ;ADV -;;;достаточно высоко , _там_ наверное метра двааа;м;а;т;;;;ADV;ТАМ;ADV -;М
17492;;наверное;НАВЕРНОЕ;ADV -;;;высоко , там _наверное_ метра двааа ,;е;о;н;р;е;в;ADV;НАВЕРНОЕ;ADV -;Е
17493;;метра;МЕТР;S m inan gen sg;;;, там наверное _метра_ двааа , я;а;р;т;е;м;;S;МЕТР;S m inan gen sg;Р
17494;;двааа;ДВА;NUM nom m inan;distort;;там наверное метра _двааа_ , я думаю;а;а;а;в;д;;NUM;ДВААА;S m inan nonflex -;А
17495;;,;,;PUNCT;;;;;;;;;;PUNCT;;;
17496;;я;Я;SPRO sg 1p - nom;;;метра двааа , _я_ думаю , над;я;;;;;;SPRO;Я;SPRO sg 1p - nom;Я
17497;;думаю;ДУМАТЬ;V ipf praes sg indic - 1p;;;двааа , я _думаю_ , над землей;ю;а;м;у;д;;V;ДУМАТЬ;V ipf praes sg indic - 1p;Ь
17498;;,;,;PUNCT;;;;;;;;;;PUNCT;;;
17499;;над;НАД;PR;;;я думаю , _над_ землей , и;д;а;н;;;;PR;НАД;PR;Д
17500;;землей;ЗЕМЛЯ;S f inan ins sg;;;думаю , над _землей_ , и типо;й;е;л;м;е;з;S;ЗЕМЛЯ;S f inan ins sg;Я
17501;;,;,;PUNCT;;;;;;;;;;PUNCT;;;
17502;;и;И;CONJ;;;над землей , _и_ типо это было;и;;;;;;CONJ;И;CONJ;И
17503;;типо;ТИПО;PART;;;землей , и _типо_ это было довольно;о;п;и;т;;;PART;ТИПО;PART;О
17504;;это;ЭТО;SPRO n - nom sg;;;, и типо _это_ было довольно страшно;о;т;э;;;;SPRO;ЭТО;S n - nom sg;О
17505;;было;БЫТЬ;V ipf praet sg indic n -;;;и типо это _было_ довольно страшно ;о;л;ы;б;;;V;БЫТЬ;V ipf praet sg indic n -;Ь
17506;;довольно;ДОВОЛЬНО;ADV -;;;типо это было _довольно_ страшно  ;о;н;ь;л;о;в;ADV;ДОВОЛЬНО;ADV -;О
17507;;страшно;СТРАШНО;PRAEDIC ;;;это было довольно _страшно_   ;о;н;ш;а;р;т;A;СТРАШНЫЙ;A - - sg brev n -;О
17508;;;;;;;;;;;;;;;;;
17509;# sent = 1305;;;;;;;;;;;;;;;;
17510;# speaker = М;;;;;;;;;;;;;;;;
17511;# sent = 1306;;;;;;;;;;;;;;;;
17512;;ну;НУ;PART;;;   _ну_ я не знаю;у;н;;;;;PART;НУ;PART;У
17513;;я;Я;SPRO sg 1p - nom;;;  ну _я_ не знаю ,;я;;;;;;SPRO;Я;SPRO sg 1p - nom;Я
17514;;не;НЕ;PART;;; ну я _не_ знаю , мы;е;н;;;;;PART;НЕ;PART;Е
17515;;знаю;ЗНАТЬ;V ipf praes sg indic - 1p;;;ну я не _знаю_ , мы вроде;ю;а;н;з;;;V;ЗНАТЬ;V ipf praes sg indic - 1p;Ь
17516;;,;,;PUNCT;;;;;;;;;;PUNCT;;;
17517;;мы;МЫ;SPRO pl 1p - nom;;;не знаю , _мы_ вроде так ничего;ы;м;;;;;SPRO;МЫ;SPRO pl 1p - nom;Ы
17518;;вроде;ВРОДЕ;PART;;;знаю , мы _вроде_ так ничего особо;е;д;о;р;в;;PART;ВРОДЕ;PART;Е
17519;;так;ТАК;ADV -;;;, мы вроде _так_ ничего особо не;к;а;т;;;;ADV;ТАК;ADV -;К
17520;;ничего;НИЧТО;SPRO n inan acc sg;;;мы вроде так _ничего_ особо не ломали;о;г;е;ч;и;н;SPRO;НИЧТО;S n - gen sg;О
17521;;особо;ОСОБО;ADV -;;;вроде так ничего _особо_ не ломали ,;о;б;о;с;о;;ADV;ОСОБО;ADV -;О
17522;;не;НЕ;PART;;;так ничего особо _не_ ломали , но;е;н;;;;;PART;НЕ;PART;Е
17523;;ломали;ЛОМАТЬ;V ipf praet pl indic - -;;;ничего особо не _ломали_ , но было;и;л;а;м;о;л;V;ЛОМАТЬ;V ipf praet pl indic - -;Ь
17524;;,;,;PUNCT;;;;;;;;;;PUNCT;;;
17525;;но;НО;CONJ;;;не ломали , _но_ было прикольно ;о;н;;;;;CONJ;НО;CONJ;О
17526;;было;БЫТЬ;V ipf praet sg indic n -;;;ломали , но _было_ прикольно  ;о;л;ы;б;;;V;БЫТЬ;V ipf praet sg indic n -;Ь
17527;;прикольно;ПРИКОЛЬНО;ADV -;;;, но было _прикольно_   ;о;н;ь;л;о;к;ADV;ПРИКОЛЬНО;ADV -;О
17528;;;;;;;;;;;;;;;;;
17529;# sent = 1307;;;;;;;;;;;;;;;;
17530;#  #;;;;;;;;;;;;;;;;
17530;#  #;;;;;;;;;;;;;;;;
17530;#  #;;;;;;;;;;;;;;;;
17530;#  #;;;;;;;;;;;;;;;;
17530;#  #;;;;;;;;;;;;;;;;
17530;#  #;;;;;;;;;;;;;;;;
17530;#  #;;;;;;;;;;;;;;;;
17530;#  #;;;;;;;;;;;;;;;;
17530;# doc = music.2.txt;;;;;;;;;;;;;;;;
